T,a_1,a_2,a_3
29-Apr-2022 14:12:18.705,-1.4322216796875,9.33204391479492,-2.55533615112305
29-Apr-2022 14:12:18.714,-1.42683288574219,9.38668029785156,-2.54261260986328
29-Apr-2022 14:12:18.724,-1.40527770996094,9.4413166809082,-2.5292903137207
29-Apr-2022 14:12:18.734,-1.37893249511719,9.4986474609375,-2.51701583862305
29-Apr-2022 14:12:18.744,-1.39809265136719,9.55403228759766,-2.49186813354492
29-Apr-2022 14:12:18.755,-1.43790985107422,9.50762878417969,-2.4523503112793
29-Apr-2022 14:12:18.765,-1.45317810058594,9.39715850830078,-2.44247085571289
29-Apr-2022 14:12:18.775,-1.46230911254883,9.34791091918945,-2.45848754882813
29-Apr-2022 14:12:18.785,-1.45796813964844,9.37141204833984,-2.46492416381836
29-Apr-2022 14:12:18.795,-1.46036315917969,9.41676773071289,-2.46402603149414
29-Apr-2022 14:12:18.805,-1.48281646728516,9.43952041625977,-2.47330673217773
29-Apr-2022 14:12:18.815,-1.52098709106445,9.43607757568359,-2.51087860107422
29-Apr-2022 14:12:18.825,-1.55122421264648,9.38877593994141,-2.5433610534668
29-Apr-2022 14:12:18.834,-1.54179382324219,9.37635177612305,-2.58751922607422
29-Apr-2022 14:12:18.844,-1.52023864746094,9.36497543334961,-2.6583219909668
29-Apr-2022 14:12:18.854,-1.43192230224609,9.33877990722656,-2.62060043334961
29-Apr-2022 14:12:18.864,-1.33776809692383,9.32800231933594,-2.61356506347656
29-Apr-2022 14:12:18.874,-1.3027409362793,9.34401901245117,-2.64470031738281
29-Apr-2022 14:12:18.884,-1.31351852416992,9.32994827270508,-2.65502883911133
29-Apr-2022 14:12:18.894,-1.34659973144531,9.29507080078125,-2.6584716796875
29-Apr-2022 14:12:18.904,-1.38492004394531,9.28100006103516,-2.66535736083984
29-Apr-2022 14:12:18.914,-1.41934844970703,9.28025161743164,-2.62583953857422
29-Apr-2022 14:12:18.924,-1.42698257446289,9.28354476928711,-2.57599319458008
29-Apr-2022 14:12:18.934,-1.40318206787109,9.30899185180664,-2.50324447631836
29-Apr-2022 14:12:18.944,-1.38327346801758,9.33863021850586,-2.47001358032227
29-Apr-2022 14:12:18.954,-1.34525253295898,9.36662200927734,-2.44935653686523
29-Apr-2022 14:12:18.964,-1.30827941894531,9.42829376220703,-2.4284001159668
29-Apr-2022 14:12:18.974,-1.26052871704102,9.45778244018555,-2.41642501831055
29-Apr-2022 14:12:18.984,-1.23837478637695,9.45523773193359,-2.42929824829102
29-Apr-2022 14:12:18.994,-1.24331451416016,9.4314372253418,-2.41328155517578
29-Apr-2022 14:12:19.004,-1.24870330810547,9.43682601928711,-2.39786361694336
29-Apr-2022 14:12:19.014,-1.25124801635742,9.4697575378418,-2.37002151489258
29-Apr-2022 14:12:19.024,-1.26861190795898,9.46272216796875,-2.37136871337891
29-Apr-2022 14:12:19.033,-1.30543533325195,9.44999862670898,-2.34562225341797
29-Apr-2022 14:12:19.043,-1.34435440063477,9.43248504638672,-2.32661178588867
29-Apr-2022 14:12:19.053,-1.37833374023438,9.44595703125,-2.32107330322266
29-Apr-2022 14:12:19.063,-1.40303237915039,9.46092590332031,-2.3278092956543
29-Apr-2022 14:12:19.073,-1.39629638671875,9.48367858886719,-2.32361801147461
29-Apr-2022 14:12:19.083,-1.37249588012695,9.4986474609375,-2.32361801147461
29-Apr-2022 14:12:19.093,-1.35603012084961,9.48652267456055,-2.31463668823242
29-Apr-2022 14:12:19.103,-1.35168914794922,9.46272216796875,-2.31328948974609
29-Apr-2022 14:12:19.112,-1.35827545166016,9.4508967590332,-2.31538513183594
29-Apr-2022 14:12:19.122,-1.39180572509766,9.44625640869141,-2.32556396484375
29-Apr-2022 14:12:19.132,-1.39824234008789,9.40673858642578,-2.32691116333008
29-Apr-2022 14:12:19.142,-1.36890335083008,9.4026969909668,-2.35295700073242
29-Apr-2022 14:12:19.153,-1.31067443847656,9.4218571472168,-2.38888229370117
29-Apr-2022 14:12:19.163,-1.21247863769531,9.37485488891602,-2.43962677001953
29-Apr-2022 14:12:19.173,-1.13823303222656,9.42799438476563,-2.50878295898438
29-Apr-2022 14:12:19.183,-1.07955505371094,9.48263076782227,-2.55339019775391
29-Apr-2022 14:12:19.193,-1.05111419677734,9.49670150756836,-2.54306167602539
29-Apr-2022 14:12:19.203,-1.05635330200195,9.49430648803711,-2.52554809570313
29-Apr-2022 14:12:19.213,-1.12491073608398,9.50583251953125,-2.53423004150391
29-Apr-2022 14:12:19.223,-1.21277801513672,9.47320037841797,-2.51072891235352
29-Apr-2022 14:12:19.233,-1.30693222045898,9.42769500732422,-2.46791793823242
29-Apr-2022 14:12:19.243,-1.39869140625,9.39760757446289,-2.42301132202148
29-Apr-2022 14:12:19.253,-1.4799723815918,9.34192337036133,-2.38723571777344
29-Apr-2022 14:12:19.263,-1.49898284912109,9.33548675537109,-2.36957244873047
29-Apr-2022 14:12:19.272,-1.48356491088867,9.34371963500977,-2.3902294921875
29-Apr-2022 14:12:19.282,-1.42952728271484,9.34401901245117,-2.42420883178711
29-Apr-2022 14:12:19.292,-1.3461506652832,9.36108352661133,-2.48453338623047
29-Apr-2022 14:12:19.302,-1.26516906738281,9.40868453979492,-2.51851272583008
29-Apr-2022 14:12:19.312,-1.20753890991211,9.4410173034668,-2.55922805786133
29-Apr-2022 14:12:19.322,-1.1593391418457,9.45868057250977,-2.56835906982422
29-Apr-2022 14:12:19.332,-1.13493988037109,9.44416076660156,-2.57389755249023
29-Apr-2022 14:12:19.342,-1.13074859619141,9.43981979370117,-2.5580305480957
29-Apr-2022 14:12:19.352,-1.12790451049805,9.43727508544922,-2.53976852416992
29-Apr-2022 14:12:19.362,-1.16622482299805,9.40524169921875,-2.52405120849609
29-Apr-2022 14:12:19.372,-1.2407698059082,9.39910446166992,-2.50698669433594
29-Apr-2022 14:12:19.382,-1.33776809692383,9.44790298461914,-2.49201782226563
29-Apr-2022 14:12:19.392,-1.42548568725586,9.47574508666992,-2.47884521484375
29-Apr-2022 14:12:19.402,-1.50961074829102,9.39446411132812,-2.47704895019531
29-Apr-2022 14:12:19.412,-1.53730316162109,9.30854278564453,-2.5098307800293
29-Apr-2022 14:12:19.422,-1.49539031982422,9.34506683349609,-2.5051904296875
29-Apr-2022 14:12:19.431,-1.36351455688477,9.4410173034668,-2.49351470947266
29-Apr-2022 14:12:19.441,-1.23807540893555,9.48607360839844,-2.51387237548828
29-Apr-2022 14:12:19.451,-1.20424575805664,9.4699072265625,-2.56581436157227
29-Apr-2022 14:12:19.461,-1.22819595336914,9.44880111694336,-2.63092895507812
29-Apr-2022 14:12:19.471,-1.23133941650391,9.40763671875,-2.65398101806641
29-Apr-2022 14:12:19.481,-1.24585922241211,9.38697967529297,-2.65922012329102
29-Apr-2022 14:12:19.491,-1.27923980712891,9.38099212646484,-2.66475860595703
29-Apr-2022 14:12:19.501,-1.34854568481445,9.37260955810547,-2.64005996704102
29-Apr-2022 14:12:19.510,-1.4272819519043,9.35180282592773,-2.61296630859375
29-Apr-2022 14:12:19.520,-1.51709518432617,9.30360305786133,-2.60428436279297
29-Apr-2022 14:12:19.530,-1.55346954345703,9.27306655883789,-2.61805572509766
29-Apr-2022 14:12:19.540,-1.55616394042969,9.27171936035156,-2.64065872192383
29-Apr-2022 14:12:19.551,-1.55227203369141,9.31423095703125,-2.65951950073242
29-Apr-2022 14:12:19.561,-1.56230117797852,9.31827255249024,-2.65951950073242
29-Apr-2022 14:12:19.571,-1.56319931030273,9.31572784423828,-2.67089584350586
29-Apr-2022 14:12:19.581,-1.56948623657227,9.28504165649414,-2.70786895751953
29-Apr-2022 14:12:19.591,-1.5376025390625,9.25719955444336,-2.72807693481445
29-Apr-2022 14:12:19.601,-1.48670837402344,9.25136169433594,-2.74304580688477
29-Apr-2022 14:12:19.611,-1.43581420898438,9.27471313476562,-2.76415191650391
29-Apr-2022 14:12:19.621,-1.39614669799805,9.29791488647461,-2.73765701293945
29-Apr-2022 14:12:19.631,-1.37444183349609,9.30330368041992,-2.72583160400391
29-Apr-2022 14:12:19.641,-1.40467895507813,9.30030990600586,-2.7062223815918
29-Apr-2022 14:12:19.651,-1.44569366455078,9.2827963256836,-2.69933670043945
29-Apr-2022 14:12:19.661,-1.46620101928711,9.27740753173828,-2.67897903442383
29-Apr-2022 14:12:19.671,-1.45692031860352,9.28908325195312,-2.67344055175781
29-Apr-2022 14:12:19.681,-1.44449615478516,9.32111663818359,-2.67463806152344
29-Apr-2022 14:12:19.691,-1.43731109619141,9.35240158081055,-2.67224304199219
29-Apr-2022 14:12:19.700,-1.43177261352539,9.37186111450195,-2.64619720458984
29-Apr-2022 14:12:19.710,-1.41949813842773,9.37350769042969,-2.62718673706055
29-Apr-2022 14:12:19.720,-1.40752304077148,9.35569473266602,-2.62224700927734
29-Apr-2022 14:12:19.730,-1.39794296264648,9.35524566650391,-2.62284576416016
29-Apr-2022 14:12:19.740,-1.39958953857422,9.35434753417969,-2.63257553100586
29-Apr-2022 14:12:19.750,-1.4081217956543,9.38099212646484,-2.63976058959961
29-Apr-2022 14:12:19.760,-1.41126525878906,9.39236846923828,-2.6393115234375
29-Apr-2022 14:12:19.770,-1.40497833251953,9.39760757446289,-2.63107864379883
29-Apr-2022 14:12:19.780,-1.4227912902832,9.40479263305664,-2.62688735961914
29-Apr-2022 14:12:19.790,-1.42234222412109,9.35838912963867,-2.62913269042969
29-Apr-2022 14:12:19.800,-1.41500747680664,9.34835998535156,-2.62868362426758
29-Apr-2022 14:12:19.810,-1.41485778808594,9.3643766784668,-2.63003082275391
29-Apr-2022 14:12:19.820,-1.4320719909668,9.39536224365234,-2.65892074584961
29-Apr-2022 14:12:19.830,-1.46724884033203,9.41961181640625,-2.65727416992187
29-Apr-2022 14:12:19.839,-1.50092880249023,9.43398193359375,-2.65338226318359
29-Apr-2022 14:12:19.849,-1.50512008666992,9.43383224487305,-2.6343717956543
29-Apr-2022 14:12:19.859,-1.46455444335938,9.40179885864258,-2.59066268920898
29-Apr-2022 14:12:19.869,-1.4178515625,9.38593185424805,-2.55997650146484
29-Apr-2022 14:12:19.880,-1.37548965454102,9.38473434448242,-2.53318222045898
29-Apr-2022 14:12:19.890,-1.33791778564453,9.40643920898438,-2.53617599487305
29-Apr-2022 14:12:19.900,-1.31022537231445,9.39581130981445,-2.52270401000977
29-Apr-2022 14:12:19.910,-1.28717330932617,9.38263870239258,-2.53752319335937
29-Apr-2022 14:12:19.918,-1.25274490356445,9.37006484985352,-2.57838821411133
29-Apr-2022 14:12:19.928,-1.21217926025391,9.35659286499024,-2.58871673583984
29-Apr-2022 14:12:19.938,-1.18254089355469,9.35150344848633,-2.59230926513672
29-Apr-2022 14:12:19.948,-1.14092742919922,9.35808975219727,-2.59679992675781
29-Apr-2022 14:12:19.959,-1.12012069702148,9.35808975219727,-2.58766891479492
29-Apr-2022 14:12:19.969,-1.08284820556641,9.36168228149414,-2.58153167724609
29-Apr-2022 14:12:19.979,-1.03988754272461,9.36153259277344,-2.577041015625
29-Apr-2022 14:12:19.989,-0.99872314453125,9.37171142578125,-2.59784774780273
29-Apr-2022 14:12:19.999,-0.997076568603516,9.38952438354492,-2.63257553100586
29-Apr-2022 14:12:20.009,-1.01938018798828,9.43083847045899,-2.65472946166992
29-Apr-2022 14:12:20.019,-1.07371719360352,9.44640609741211,-2.65413070678711
29-Apr-2022 14:12:20.029,-1.11548034667969,9.45029800415039,-2.64499969482422
29-Apr-2022 14:12:20.039,-1.15380065917969,9.46362030029297,-2.62554016113281
29-Apr-2022 14:12:20.049,-1.17326019287109,9.47903823852539,-2.62164825439453
29-Apr-2022 14:12:20.059,-1.17790054321289,9.48682205200195,-2.62853393554688
29-Apr-2022 14:12:20.069,-1.15380065917969,9.47260162353516,-2.62568984985352
29-Apr-2022 14:12:20.079,-1.11862380981445,9.4362272644043,-2.63556930541992
29-Apr-2022 14:12:20.089,-1.09826614379883,9.41407333374024,-2.66520767211914
29-Apr-2022 14:12:20.099,-1.08823699951172,9.40209823608398,-2.7208918762207
29-Apr-2022 14:12:20.109,-1.11757598876953,9.39132064819336,-2.78870086669922
29-Apr-2022 14:12:20.119,-1.19107315063477,9.359736328125,-2.80516662597656
29-Apr-2022 14:12:20.128,-1.26846221923828,9.31527877807617,-2.80082565307617
29-Apr-2022 14:12:20.138,-1.30229187011719,9.30599807739258,-2.84213973999023
29-Apr-2022 14:12:20.148,-1.30259124755859,9.28983169555664,-2.88704635620117
29-Apr-2022 14:12:20.158,-1.29839996337891,9.27710815429688,-2.94362869262695
29-Apr-2022 14:12:20.168,-1.28283233642578,9.2494157409668,-2.96952484130859
29-Apr-2022 14:12:20.178,-1.29001739501953,9.23085433959961,-2.98389495849609
29-Apr-2022 14:12:20.188,-1.29989685058594,9.21753204345703,-2.99347503662109
29-Apr-2022 14:12:20.198,-1.28747268676758,9.22830963134766,-2.98688873291016
29-Apr-2022 14:12:20.208,-1.28971801757813,9.24148223876953,-2.99991165161133
29-Apr-2022 14:12:20.218,-1.30812973022461,9.26004364013672,-3.00215698242188
29-Apr-2022 14:12:20.228,-1.32324829101563,9.25300827026367,-3.01547927856445
29-Apr-2022 14:12:20.237,-1.32249984741211,9.24447601318359,-3.02431091308594
29-Apr-2022 14:12:20.247,-1.34674942016602,9.19328247070313,-3.04197418212891
29-Apr-2022 14:12:20.257,-1.38252502441406,9.17801422119141,-3.06772064208984
29-Apr-2022 14:12:20.267,-1.44973526000977,9.17621795654297,-3.08897644042969
29-Apr-2022 14:12:20.278,-1.49479156494141,9.17981048583984,-3.10708877563477
29-Apr-2022 14:12:20.288,-1.53865036010742,9.20076690673828,-3.08718017578125
29-Apr-2022 14:12:20.298,-1.57173156738281,9.22307052612305,-3.06233184814453
29-Apr-2022 14:12:20.308,-1.59059234619141,9.22037612915039,-3.03853134155273
29-Apr-2022 14:12:20.318,-1.58999359130859,9.23624313354492,-3.04257293701172
29-Apr-2022 14:12:20.328,-1.58969421386719,9.26243865966797,-3.03778289794922
29-Apr-2022 14:12:20.338,-1.59298736572266,9.28713729858399,-3.02101776123047
29-Apr-2022 14:12:20.346,-1.57831787109375,9.2784553527832,-3.03942947387695
29-Apr-2022 14:12:20.357,-1.56304962158203,9.24387725830078,-3.14900161743164
29-Apr-2022 14:12:20.367,-1.53865036010742,9.21558609008789,-3.43311080932617
29-Apr-2022 14:12:20.377,-1.5757731628418,9.21004760742188,-3.69177291870117
29-Apr-2022 14:12:20.387,-1.53236343383789,9.18834274291992,-3.61842544555664
29-Apr-2022 14:12:20.397,-1.42084533691406,9.18954025268555,-3.3721875
29-Apr-2022 14:12:20.407,-1.30827941894531,9.79248641967773,-3.20678146362305
29-Apr-2022 14:12:20.417,-1.408271484375,10.4514161682129,-3.13837371826172
29-Apr-2022 14:12:20.427,-1.56694152832031,10.238558807373,-3.15813262939453
29-Apr-2022 14:12:20.437,-1.14901062011719,9.84203338623047,-3.66991836547852
29-Apr-2022 14:12:20.447,-0.606538696289063,9.67273544311523,-4.56625442504883
29-Apr-2022 14:12:20.457,-1.1638298034668,9.30345336914062,-4.74528213500977
29-Apr-2022 14:12:20.467,-2.26613754272461,9.50703002929688,-3.17908905029297
29-Apr-2022 14:12:20.477,-2.54755233764648,9.8914306640625,-1.15963851928711
29-Apr-2022 14:12:20.487,-2.6394612121582,9.53142929077148,-0.289647674560547
29-Apr-2022 14:12:20.497,-2.49141906738281,8.82864074707031,-1.28896957397461
29-Apr-2022 14:12:20.507,-2.23006256103516,8.47762069702148,-1.86856430053711
29-Apr-2022 14:12:20.517,-2.02034866333008,8.62341751098633,-2.41268280029297
29-Apr-2022 14:12:20.527,-2.07124282836914,8.61892684936523,-2.80546600341797
29-Apr-2022 14:12:20.537,-2.29487777709961,8.31730407714844,-2.64709533691406
29-Apr-2022 14:12:20.547,-2.47510299682617,8.0137353515625,-2.43588455200195
29-Apr-2022 14:12:20.556,-2.37301528930664,7.89667877197266,-2.35639984130859
29-Apr-2022 14:12:20.566,-1.71288803100586,8.15429306030273,-2.59440490722656
29-Apr-2022 14:12:20.576,-0.918340301513672,8.81142654418945,-2.86983215332031
29-Apr-2022 14:12:20.586,-0.17962646484375,9.46391967773438,-2.99302597045898
29-Apr-2022 14:12:20.596,0.352516937255859,9.77736785888672,-3.19884796142578
29-Apr-2022 14:12:20.606,0.29937744140625,10.0750987243652,-3.00290542602539
29-Apr-2022 14:12:20.616,-0.142803039550781,10.0589323425293,-2.69394790649414
29-Apr-2022 14:12:20.626,-0.607736206054687,9.77781692504883,-2.39082824707031
29-Apr-2022 14:12:20.635,-1.06234085083008,9.49086364746094,-2.0836669921875
29-Apr-2022 14:12:20.645,-1.43192230224609,9.25959457397461,-1.72216873168945
29-Apr-2022 14:12:20.655,-1.62322448730469,9.19433029174805,-1.47877487182617
29-Apr-2022 14:12:20.665,-1.63504989624023,9.2161848449707,-1.30618377685547
29-Apr-2022 14:12:20.676,-1.50856292724609,9.28010192871094,-1.21726867675781
29-Apr-2022 14:12:20.686,-1.34151031494141,9.40060134887695,-1.24196731567383
29-Apr-2022 14:12:20.696,-1.1832893371582,9.51825668334961,-1.23732696533203
29-Apr-2022 14:12:20.706,-1.07970474243164,9.65941314697266,-1.26516906738281
29-Apr-2022 14:12:20.716,-1.06293960571289,9.74054443359375,-1.43431732177734
29-Apr-2022 14:12:20.726,-1.05455703735352,9.67168762207031,-1.52667526245117
29-Apr-2022 14:12:20.736,-0.930764465332031,9.65103057861328,-1.53116592407227
29-Apr-2022 14:12:20.746,-0.790655822753906,9.71958801269531,-1.52907028198242
29-Apr-2022 14:12:20.756,-0.70653076171875,9.79637832641602,-1.4464421081543
29-Apr-2022 14:12:20.766,-0.650547180175781,9.82317260742188,-1.34689910888672
29-Apr-2022 14:12:20.776,-0.595012664794922,9.79158828735352,-1.21382583618164
29-Apr-2022 14:12:20.785,-0.534239044189453,9.88918533325195,-1.06488555908203
29-Apr-2022 14:12:20.795,-0.53887939453125,10.1459014892578,-0.905916137695313
29-Apr-2022 14:12:20.805,-0.594563598632812,10.4620440673828,-0.707877960205078
29-Apr-2022 14:12:20.815,-0.575553131103516,10.7512426757813,-0.532742156982422
29-Apr-2022 14:12:20.825,-0.494870910644531,11.0750193786621,-0.474363555908203
29-Apr-2022 14:12:20.835,-0.5412744140625,11.5230377197266,-0.423768768310547
29-Apr-2022 14:12:20.845,-0.736917572021484,11.8978582763672,-0.249980163574219
29-Apr-2022 14:12:20.855,-0.831371154785156,11.987222442627,0.206570434570313
29-Apr-2022 14:12:20.865,-0.717308349609375,11.8804943847656,0.771345977783203
29-Apr-2022 14:12:20.875,-0.508791961669922,11.3886172485352,1.17565521240234
29-Apr-2022 14:12:20.885,-0.375718688964844,10.8626110839844,1.61633880615234
29-Apr-2022 14:12:20.895,-0.374371490478516,10.5473666381836,2.17512680053711
29-Apr-2022 14:12:20.905,-0.51013916015625,10.6072421264648,2.50698669433594
29-Apr-2022 14:12:20.915,-0.814606018066406,11.7306559753418,2.69334915161133
29-Apr-2022 14:12:20.925,-1.42653350830078,13.2776889038086,2.46896575927734
29-Apr-2022 14:12:20.935,-2.47031295776367,14.565760345459,1.81811920166016
29-Apr-2022 14:12:20.945,-3.77619735717773,14.7196403503418,0.678239593505859
29-Apr-2022 14:12:20.955,-4.84527420043945,13.3742381286621,-1.11548034667969
29-Apr-2022 14:12:20.964,-5.51782562255859,11.2194689941406,-3.37473220825195
29-Apr-2022 14:12:20.974,-6.16777404785156,9.0578141784668,-4.14098876953125
29-Apr-2022 14:12:20.984,-6.73225021362305,8.67506011962891,-3.35706893920898
29-Apr-2022 14:12:20.994,-7.50898498535156,9.75865676879883,-3.12355453491211
29-Apr-2022 14:12:21.004,-7.01980224609375,10.2316731262207,-3.40931030273437
29-Apr-2022 14:12:21.014,-5.08821899414063,10.1509909057617,-3.88921234130859
29-Apr-2022 14:12:21.024,-3.57112380981445,9.35868850708008,-4.65801361083984
29-Apr-2022 14:12:21.033,-2.31403793334961,8.85333938598633,-4.52808380126953
29-Apr-2022 14:12:21.043,-0.928519134521484,9.21034698486328,-3.23148010253906
29-Apr-2022 14:12:21.053,0.954265594482422,9.82975891113281,-1.84865570068359
29-Apr-2022 14:12:21.063,2.26164688110352,10.3216360473633,-0.949475555419922
29-Apr-2022 14:12:21.073,2.33454528808594,10.2807710266113,-0.245938568115234
29-Apr-2022 14:12:21.084,1.19466567993164,9.70012847900391,0.392034759521484
29-Apr-2022 14:12:21.094,-0.207468566894531,9.11724060058594,1.07865692138672
29-Apr-2022 14:12:21.104,-1.75510025024414,8.80349304199219,1.70734954833984
29-Apr-2022 14:12:21.114,-3.10125091552734,8.45501770019531,2.36074081420898
29-Apr-2022 14:12:21.124,-4.01824401855469,7.93095748901367,2.92536666870117
29-Apr-2022 14:12:21.134,-4.26987075805664,7.29912139892578,3.32982559204102
29-Apr-2022 14:12:21.144,-3.72410568237305,6.72641235351563,3.45870758056641
29-Apr-2022 14:12:21.154,-2.9409342956543,6.47239059448242,3.2570768737793
29-Apr-2022 14:12:21.164,-2.20925582885742,6.62207931518555,3.10738815307617
29-Apr-2022 14:12:21.174,-1.75510025024414,6.85634216308594,2.91294250488281
29-Apr-2022 14:12:21.184,-1.36381393432617,6.98013473510742,2.52180587768555
29-Apr-2022 14:12:21.194,-1.12116851806641,6.95244232177734,2.09743835449219
29-Apr-2022 14:12:21.204,-1.1593391418457,6.91995986938477,1.77066787719727
29-Apr-2022 14:12:21.213,-1.31082412719727,6.85978500366211,1.63849273681641
29-Apr-2022 14:12:21.223,-1.43865829467773,6.89660842895508,1.46964385986328
29-Apr-2022 14:12:21.233,-1.50437164306641,7.17383193969727,1.31366821289062
29-Apr-2022 14:12:21.243,-1.48176864624023,7.23550369262695,1.29675338745117
29-Apr-2022 14:12:21.253,-1.39943984985352,7.11769866943359,1.369951171875
29-Apr-2022 14:12:21.263,-1.24600891113281,7.31483871459961,1.52637588500977
29-Apr-2022 14:12:21.273,-0.865350494384766,7.82557662963867,1.74387359619141
29-Apr-2022 14:12:21.283,-1.08629104614258,8.31266372680664,1.9832258605957
29-Apr-2022 14:12:21.293,-1.53371063232422,8.92489059448242,2.1841081237793
29-Apr-2022 14:12:21.303,-1.84117126464844,9.46466812133789,2.44067459106445
29-Apr-2022 14:12:21.313,-2.08052352905273,9.82017883300781,2.66236358642578
29-Apr-2022 14:12:21.323,-2.13351333618164,9.56271423339844,2.78825180053711
29-Apr-2022 14:12:21.333,-2.26943069458008,9.05661666870117,3.03808227539063
29-Apr-2022 14:12:21.343,-2.26419158935547,8.73448654174805,3.5923796081543
29-Apr-2022 14:12:21.353,-2.20581298828125,8.6701203918457,4.39306457519531
29-Apr-2022 14:12:21.362,-2.25580902099609,9.42889251708984,5.16276397705078
29-Apr-2022 14:12:21.372,-2.24817489624023,10.2716400146484,5.10169097900391
29-Apr-2022 14:12:21.382,-2.28005859375,10.221943359375,4.55847061157227
29-Apr-2022 14:12:21.392,-2.55144424438477,9.69743408203125,4.27600799560547
29-Apr-2022 14:12:21.403,-2.49141906738281,8.85887786865234,3.362607421875
29-Apr-2022 14:12:21.413,-1.91167465209961,7.54820343017578,1.83697998046875
29-Apr-2022 14:12:21.423,-1.39420074462891,7.49371673583984,0.542022857666016
29-Apr-2022 14:12:21.431,-1.04048629760742,9.4553874206543,0.358055419921875
29-Apr-2022 14:12:21.441,-0.498613128662109,11.7167349243164,1.08404571533203
29-Apr-2022 14:12:21.451,0.235610046386719,12.8411965942383,1.90104675292969
29-Apr-2022 14:12:21.461,0.232765960693359,13.2597262573242,2.64574813842773
29-Apr-2022 14:12:21.471,-1.28402984619141,13.7959112548828,3.32383804321289
29-Apr-2022 14:12:21.482,-3.80583572387695,13.7396282958984,3.77245513916016
29-Apr-2022 14:12:21.492,-5.57859924316406,12.1668489074707,3.66093704223633
29-Apr-2022 14:12:21.502,-5.7239469909668,10.1379679870605,2.77942016601563
29-Apr-2022 14:12:21.512,-5.36604125976563,8.62865661621094,2.03352127075195
29-Apr-2022 14:12:21.522,-4.65217575073242,8.3060774230957,1.57906631469727
29-Apr-2022 14:12:21.532,-3.57082443237305,9.10481643676758,0.839454345703125
29-Apr-2022 14:12:21.542,-2.47689926147461,9.74443634033203,0.0100291442871094
29-Apr-2022 14:12:21.552,-1.04827011108398,9.71060668945313,-0.774040374755859
29-Apr-2022 14:12:21.562,0.109123077392578,8.96904876708984,-2.22527252197266
29-Apr-2022 14:12:21.572,0.424517211914062,8.27524154663086,-3.45945602416992
29-Apr-2022 14:12:21.582,0.319585418701172,8.17300415039062,-3.38521041870117
29-Apr-2022 14:12:21.592,-0.005987548828125,8.40966201782227,-2.6059309387207
29-Apr-2022 14:12:21.602,-0.223036193847656,8.85797973632813,-2.09444458007813
29-Apr-2022 14:12:21.612,-0.348625030517578,9.2495654296875,-2.18710189819336
29-Apr-2022 14:12:21.622,-0.429606628417969,9.46062652587891,-2.3903791809082
29-Apr-2022 14:12:21.632,0.00374221801757812,9.41377395629883,-2.40519836425781
29-Apr-2022 14:12:21.641,0.910406799316406,9.26782745361328,-2.04654418945313
29-Apr-2022 14:12:21.651,1.74432266235352,9.37350769042969,-1.72336624145508
29-Apr-2022 14:12:21.661,2.16898956298828,9.43877197265625,-1.26666595458984
29-Apr-2022 14:12:21.671,2.11614944458008,9.45284271240234,-1.03569625854492
29-Apr-2022 14:12:21.681,1.93906768798828,9.87286926269531,-1.00321380615234
29-Apr-2022 14:12:21.691,1.70255950927734,10.4569546508789,-1.06219116210938
29-Apr-2022 14:12:21.701,1.2835807800293,10.5719155883789,-1.06473587036133
29-Apr-2022 14:12:21.711,0.624201965332031,10.1104252624512,-1.01638641357422
29-Apr-2022 14:12:21.721,0.0740959167480469,9.54445220947266,-1.15395034790039
29-Apr-2022 14:12:21.731,0.0353265380859375,9.2877360534668,-1.35752700805664
29-Apr-2022 14:12:21.741,0.312999114990234,9.31527877807617,-1.4513818359375
29-Apr-2022 14:12:21.751,0.728535003662109,9.51331695556641,-1.62966110229492
29-Apr-2022 14:12:21.760,1.17790054321289,9.65597030639649,-2.20072357177734
29-Apr-2022 14:12:21.770,1.33896560668945,9.59893890380859,-2.61102035522461
29-Apr-2022 14:12:21.780,1.12715606689453,9.72243209838867,-2.58332794189453
29-Apr-2022 14:12:21.790,0.912652130126953,9.78260696411133,-2.35969299316406
29-Apr-2022 14:12:21.801,0.482746124267578,9.68950057983398,-2.02483932495117
29-Apr-2022 14:12:21.811,-0.121397552490234,9.47828979492188,-1.47158981323242
29-Apr-2022 14:12:21.821,-0.526455230712891,9.20765258789063,-0.909808044433594
29-Apr-2022 14:12:21.831,-0.665216674804687,9.00212997436524,-0.693208465576172
29-Apr-2022 14:12:21.841,-0.666414184570313,8.919052734375,-0.578696594238281
29-Apr-2022 14:12:21.851,-0.491727447509766,9.04958129882812,-0.475561065673828
29-Apr-2022 14:12:21.859,-0.243992614746094,9.42559936523438,-0.506995697021484
29-Apr-2022 14:12:21.869,-0.0717008972167969,9.70506820678711,-0.531993713378906
29-Apr-2022 14:12:21.880,-0.0883163452148438,9.66540069580078,-0.48618896484375
29-Apr-2022 14:12:21.890,-0.125588836669922,9.42275527954102,-0.375419311523437
29-Apr-2022 14:12:21.900,-0.0178129577636719,9.21513702392578,-0.367485809326172
29-Apr-2022 14:12:21.910,0.273630981445313,9.34850967407227,-0.366737365722656
29-Apr-2022 14:12:21.920,0.466579742431641,9.9439714050293,-0.519419860839844
29-Apr-2022 14:12:21.930,0.365390167236328,10.2981349182129,-0.754730529785156
29-Apr-2022 14:12:21.940,0.40954833984375,9.89262817382813,-1.04707260131836
29-Apr-2022 14:12:21.950,0.513582000732422,9.43323348999023,-1.58011413574219
29-Apr-2022 14:12:21.960,0.227227478027344,9.39027282714844,-1.7533039855957
29-Apr-2022 14:12:21.970,-0.17962646484375,9.67587890625,-1.56694152832031
29-Apr-2022 14:12:21.980,-0.664617919921875,9.72273147583008,-1.48266677856445
29-Apr-2022 14:12:21.990,-1.01473983764648,9.43592788696289,-1.94221115112305
29-Apr-2022 14:12:22.000,-1.26427093505859,9.1103549194336,-2.62928237915039
29-Apr-2022 14:12:22.010,-1.52143615722656,8.81142654418945,-2.88120849609375
29-Apr-2022 14:12:22.020,-1.86137924194336,8.73972564697266,-2.71086273193359
29-Apr-2022 14:12:22.030,-2.22227874755859,8.86845794677734,-2.41253311157227
29-Apr-2022 14:12:22.040,-2.52030899047852,9.05826324462891,-2.25446182250977
29-Apr-2022 14:12:22.050,-2.41447906494141,9.04568939208984,-2.56611373901367
29-Apr-2022 14:12:22.060,-2.11929290771484,8.87773864746094,-3.10364593505859
29-Apr-2022 14:12:22.070,-2.05941741943359,8.85977600097656,-3.29210403442383
29-Apr-2022 14:12:22.079,-1.63879211425781,9.21169418334961,-3.23417449951172
29-Apr-2022 14:12:22.089,-0.769849090576172,9.87616241455078,-3.39793395996094
29-Apr-2022 14:12:22.099,0.168250122070313,10.3009790039063,-4.02123779296875
29-Apr-2022 14:12:22.109,0.698148193359375,10.5814956665039,-4.1288639831543
29-Apr-2022 14:12:22.119,0.789907379150391,10.9052723693848,-3.4152978515625
29-Apr-2022 14:12:22.129,0.743054809570313,11.0094557189941,-2.58422607421875
29-Apr-2022 14:12:22.139,0.453856201171875,11.0173892211914,-2.63122833251953
29-Apr-2022 14:12:22.149,0.065863037109375,11.1298054504395,-3.3914973449707
29-Apr-2022 14:12:22.158,-0.425265655517578,11.4267878723145,-4.00043106079102
29-Apr-2022 14:12:22.168,-0.971779174804688,11.4414573669434,-3.3337174987793
29-Apr-2022 14:12:22.178,-0.920885009765625,11.7022151184082,-2.02723434448242
29-Apr-2022 14:12:22.188,-0.577648773193359,12.4720642089844,-1.50631759643555
29-Apr-2022 14:12:22.198,-0.804876251220703,13.304183807373,-1.51963989257813
29-Apr-2022 14:12:22.209,-1.35243759155273,14.0574174499512,-1.16368011474609
29-Apr-2022 14:12:22.219,-1.5569123840332,14.4115809631348,-0.940943298339844
29-Apr-2022 14:12:22.229,-1.61738662719727,14.1915385437012,-1.16203353881836
29-Apr-2022 14:12:22.239,-1.97604080200195,13.4291738891602,-0.877924346923828
29-Apr-2022 14:12:22.249,-2.89153701782227,12.8380531311035,0.209564208984375
29-Apr-2022 14:12:22.259,-3.63534027099609,12.0144657897949,1.49479156494141
29-Apr-2022 14:12:22.269,-3.8178108215332,11.6577575683594,2.28290267944336
29-Apr-2022 14:12:22.279,-3.32533493041992,11.6017739868164,2.31269073486328
29-Apr-2022 14:12:22.289,-2.10447372436523,11.8810931396484,1.39629638671875
29-Apr-2022 14:12:22.298,-0.163759460449219,11.9972515869141,-0.40236328125
29-Apr-2022 14:12:22.308,2.29068649291992,12.4476649475098,-2.66460891723633
29-Apr-2022 14:12:22.318,4.53227508544922,12.751083984375,-5.44253219604492
29-Apr-2022 14:12:22.328,5.28131744384766,12.5472079467773,-7.76031234741211
29-Apr-2022 14:12:22.338,4.25086029052734,14.0137083435059,-8.66922225952148
29-Apr-2022 14:12:22.348,2.83824783325195,14.454841003418,-8.16057998657227
29-Apr-2022 14:12:22.358,1.32145202636719,12.976964263916,-6.97938629150391
29-Apr-2022 14:12:22.368,0.414488067626953,11.4972912597656,-5.63338531494141
29-Apr-2022 14:12:22.378,0.304616546630859,10.7585774230957,-4.66130676269531
29-Apr-2022 14:12:22.388,0.05987548828125,9.98498611450195,-4.10551254272461
29-Apr-2022 14:12:22.398,-0.700543212890625,9.67363357543945,-3.77410171508789
29-Apr-2022 14:12:22.408,-1.31306945800781,10.1843714904785,-3.76437194824219
29-Apr-2022 14:12:22.418,-2.07109313964844,10.6008055114746,-3.37353469848633
29-Apr-2022 14:12:22.428,-2.79917907714844,10.6469096374512,-3.08927581787109
29-Apr-2022 14:12:22.438,-2.96084289550781,10.3843556213379,-2.94288024902344
29-Apr-2022 14:12:22.448,-3.24180862426758,9.94681549072266,-2.30251190185547
29-Apr-2022 14:12:22.458,-3.4489778137207,9.62827789306641,-1.963916015625
29-Apr-2022 14:12:22.468,-3.45212127685547,9.29626831054687,-1.88338348388672
29-Apr-2022 14:12:22.478,-3.46649139404297,8.8904621887207,-1.78922927856445
29-Apr-2022 14:12:22.487,-3.46858703613281,8.48091384887695,-1.56694152832031
29-Apr-2022 14:12:22.497,-2.90545806884766,8.38556213378906,-1.86736679077148
29-Apr-2022 14:12:22.507,-2.36553085327148,8.14920364379883,-2.3233186340332
29-Apr-2022 14:12:22.517,-1.53415969848633,8.12016403198242,-2.89168670654297
29-Apr-2022 14:12:22.527,-0.900826721191406,7.77707748413086,-3.17669403076172
29-Apr-2022 14:12:22.537,-0.750539245605469,7.52904327392578,-2.97775772094727
29-Apr-2022 14:12:22.547,0.0143701171875,7.52949234008789,-3.01996994018555
29-Apr-2022 14:12:22.556,0.293988647460938,7.27786560058594,-2.74738677978516
29-Apr-2022 14:12:22.566,0.421673126220703,6.77027114868164,-2.38813385009766
29-Apr-2022 14:12:22.576,0.143551483154297,6.22615264892578,-2.02019897460938
29-Apr-2022 14:12:22.586,-0.136366424560547,5.66616714477539,-1.7820442199707
29-Apr-2022 14:12:22.596,-0.449365539550781,5.15752487182617,-1.60301651000977
29-Apr-2022 14:12:22.607,-1.13673614501953,4.77282485961914,-1.48745681762695
29-Apr-2022 14:12:22.617,-2.02064804077148,4.71085372924805,-1.51395172119141
29-Apr-2022 14:12:22.627,-2.82776962280273,4.60262878417969,-1.47129043579102
29-Apr-2022 14:12:22.637,-3.74640930175781,4.60427536010742,-1.09766738891602
29-Apr-2022 14:12:22.647,-4.41357192993164,5.12474304199219,-0.489781494140625
29-Apr-2022 14:12:22.657,-4.6222380065918,5.47232025146484,0.260009307861328
29-Apr-2022 14:12:22.667,-4.56296127319336,5.53518951416016,1.17475708007813
29-Apr-2022 14:12:22.677,-4.77117828369141,5.65673675537109,2.37496124267578
29-Apr-2022 14:12:22.687,-4.32780029296875,6.78628784179688,3.72889572143555
29-Apr-2022 14:12:22.697,-3.3531770324707,8.74586288452148,4.51895278930664
29-Apr-2022 14:12:22.707,-2.09968368530273,10.6805895996094,5.37741760253906
29-Apr-2022 14:12:22.717,-0.983903961181641,12.4030577087402,7.40569976806641
29-Apr-2022 14:12:22.726,0.188458099365234,14.0921452331543,10.1703007507324
29-Apr-2022 14:12:22.736,1.43641296386719,14.3636805725098,10.2954405212402
29-Apr-2022 14:12:22.746,2.002236328125,13.0149851989746,8.97473693847656
29-Apr-2022 14:12:22.756,2.30924789428711,12.4681723022461,6.98672103881836
29-Apr-2022 14:12:22.766,1.9544856262207,12.6901606750488,4.26193725585938
29-Apr-2022 14:12:22.776,1.16263229370117,12.371922454834,2.14788345336914
29-Apr-2022 14:12:22.786,-0.0435594177246094,10.6015539550781,0.981209564208984
29-Apr-2022 14:12:22.796,-1.83144149780273,7.88200927734375,0.432600402832031
29-Apr-2022 14:12:22.806,-3.11996200561523,7.13491287231445,0.436641998291016
29-Apr-2022 14:12:22.816,-4.54993835449219,8.73403747558594,0.174387359619141
29-Apr-2022 14:12:22.826,-5.13207778930664,11.8592385864258,-0.373922424316406
29-Apr-2022 14:12:22.836,-5.58892776489258,16.0168428039551,0.390088806152344
29-Apr-2022 14:12:22.846,-5.21261032104492,17.7923007202148,1.55796020507813
29-Apr-2022 14:12:22.856,-4.54529800415039,14.1662411499023,2.19174224853516
29-Apr-2022 14:12:22.866,-4.12572052001953,10.2735859680176,1.82590301513672
29-Apr-2022 14:12:22.876,-2.84004409790039,10.3800146484375,0.00464035034179688
29-Apr-2022 14:12:22.885,-0.596060485839844,9.56840240478516,-5.30466888427734
29-Apr-2022 14:12:22.895,1.47323638916016,7.76435394287109,-8.11178146362305
29-Apr-2022 14:12:22.905,1.8009049987793,5.65224609375,-6.80245422363281
29-Apr-2022 14:12:22.915,1.41051681518555,4.18933822631836,-5.47456558227539
29-Apr-2022 14:12:22.926,1.01728454589844,5.0437614440918,-4.00192794799805
29-Apr-2022 14:12:22.936,0.386795654296875,6.94136535644531,-2.69230133056641
29-Apr-2022 14:12:22.945,-0.411344604492188,8.90662857055664,-2.37990097045898
29-Apr-2022 14:12:22.955,-0.840352478027344,10.064620513916,-3.15004943847656
29-Apr-2022 14:12:22.964,-0.601898345947266,10.2897523498535,-3.88696701049805
29-Apr-2022 14:12:22.974,0.000449066162109375,9.85610412597656,-4.06809036254883
29-Apr-2022 14:12:22.984,0.581690368652344,9.08281219482422,-3.89729553222656
29-Apr-2022 14:12:22.994,0.882415008544922,8.68613708496094,-3.40392150878906
29-Apr-2022 14:12:23.005,1.0970686340332,8.77130996704102,-2.89827301025391
29-Apr-2022 14:12:23.015,1.35812576293945,8.97728164672852,-2.60338623046875
29-Apr-2022 14:12:23.025,1.20963455200195,9.10167297363281,-2.77477981567383
29-Apr-2022 14:12:23.035,0.892743530273438,8.97368911743164,-3.10259811401367
29-Apr-2022 14:12:23.045,0.527503051757813,8.90528137207031,-2.87596939086914
29-Apr-2022 14:12:23.055,0.132474517822266,8.81142654418945,-2.3807991027832
29-Apr-2022 14:12:23.065,-0.267942810058594,9.10242141723633,-2.01031951904297
29-Apr-2022 14:12:23.075,-0.680185546875,9.3455158996582,-1.81288009643555
29-Apr-2022 14:12:23.085,-0.750539245605469,9.19597686767578,-1.40258331298828
29-Apr-2022 14:12:23.095,-0.727936248779297,8.76906463623047,-1.01623672485352
29-Apr-2022 14:12:23.105,-0.978814544677734,8.48271011352539,-1.04722229003906
29-Apr-2022 14:12:23.115,-1.41934844970703,8.36969512939453,-1.50751510620117
29-Apr-2022 14:12:23.125,-1.80300064086914,8.4065185546875,-2.05702239990234
29-Apr-2022 14:12:23.135,-1.87949157714844,8.44888046264649,-2.7158024597168
29-Apr-2022 14:12:23.145,-1.59463394165039,8.32957855224609,-3.28402084350586
29-Apr-2022 14:12:23.154,-0.840801544189453,8.19605621337891,-3.60630065917969
29-Apr-2022 14:12:23.164,-0.0101788330078125,8.39768692016602,-3.80987731933594
29-Apr-2022 14:12:23.174,0.313897247314453,9.148974609375,-3.81032638549805
29-Apr-2022 14:12:23.184,0.114212493896484,9.5466975402832,-3.50855392456055
29-Apr-2022 14:12:23.194,-0.539328460693359,9.57394088745117,-3.17220336914063
29-Apr-2022 14:12:23.204,-1.52383117675781,9.76898529052735,-2.56716156005859
29-Apr-2022 14:12:23.214,-2.20880676269531,10.1728454589844,-1.58295822143555
29-Apr-2022 14:12:23.224,-2.1508772277832,10.3692370605469,-0.733474731445312
29-Apr-2022 14:12:23.234,-1.2021501159668,10.4554577636719,-0.243244171142578
29-Apr-2022 14:12:23.244,0.251177673339844,11.2254565429688,-0.0737965393066406
29-Apr-2022 14:12:23.254,1.17086517333984,12.2285206604004,-0.970881042480469
29-Apr-2022 14:12:23.264,0.832718353271484,12.7371629333496,-2.93255172729492
29-Apr-2022 14:12:23.274,-0.230221252441406,12.5466091918945,-4.14532974243164
29-Apr-2022 14:12:23.283,-1.18583404541016,11.7586477661133,-3.60121124267578
29-Apr-2022 14:12:23.293,-1.10111022949219,10.5648802185059,-2.17377960205078
29-Apr-2022 14:12:23.303,-0.273481292724609,10.6238575744629,-1.81198196411133
29-Apr-2022 14:12:23.313,0.387544097900391,12.2309156799316,-2.53572692871094
29-Apr-2022 14:12:23.323,0.599203948974609,13.6037109375,-2.88809417724609
29-Apr-2022 14:12:23.334,0.253123626708984,14.3026075744629,-2.34188003540039
29-Apr-2022 14:12:23.344,-0.191451873779297,14.6944926452637,-0.829125823974609
29-Apr-2022 14:12:23.354,-0.0899629211425781,15.6486085510254,1.05889801025391
29-Apr-2022 14:12:23.364,0.310753784179688,16.5900009155273,2.28814178466797
29-Apr-2022 14:12:23.372,0.223634948730469,15.8945471191406,2.10028244018555
29-Apr-2022 14:12:23.382,-0.832418975830078,14.5431573486328,2.09923461914063
29-Apr-2022 14:12:23.392,-2.47121109008789,13.5150952148438,1.94236083984375
29-Apr-2022 14:12:23.403,-3.87259689331055,12.1057759094238,0.505199432373047
29-Apr-2022 14:12:23.413,-3.99324600219727,10.6531965637207,-1.32474517822266
29-Apr-2022 14:12:23.423,-2.49830474853516,10.5746099853516,-2.63092895507812
29-Apr-2022 14:12:23.433,-0.315992889404297,11.3447584533691,-3.63174774169922
29-Apr-2022 14:12:23.443,1.44763961791992,13.111085357666,-5.24254806518555
29-Apr-2022 14:12:23.453,2.7592121887207,16.0933337402344,-8.25847640991211
29-Apr-2022 14:12:23.463,2.78645553588867,18.3763861083984,-10.6629263305664
29-Apr-2022 14:12:23.473,2.83839752197266,16.7536106872559,-11.0452313232422
29-Apr-2022 14:12:23.483,2.38214630126953,14.4274479675293,-10.0873731994629
29-Apr-2022 14:12:23.493,0.753233642578125,12.1075721740723,-8.2961979675293
29-Apr-2022 14:12:23.503,-0.648002471923828,10.6141278076172,-6.5382536315918
29-Apr-2022 14:12:23.513,-1.29465774536133,10.8913513183594,-6.25414443969727
29-Apr-2022 14:12:23.523,-2.02708465576172,10.7096292114258,-5.06277191162109
29-Apr-2022 14:12:23.533,-2.84827697753906,10.8025859069824,-4.47210021972656
29-Apr-2022 14:12:23.543,-3.92453887939453,10.8850643920898,-4.40129745483398
29-Apr-2022 14:12:23.553,-4.71744003295898,9.81,-4.18379974365234
29-Apr-2022 14:12:23.563,-5.1159114074707,8.79032043457031,-3.35512298583984
29-Apr-2022 14:12:23.573,-4.93957809448242,7.86464538574219,-2.92072631835938
29-Apr-2022 14:12:23.583,-4.80770233154297,6.80410079956055,-2.43498641967773
29-Apr-2022 14:12:23.592,-5.56662414550781,6.06538696289063,-1.69522476196289
29-Apr-2022 14:12:23.602,-5.88441329956055,5.80193481445313,-1.58984390258789
29-Apr-2022 14:12:23.612,-5.90327407836914,5.83965637207031,-1.46215942382813
29-Apr-2022 14:12:23.622,-5.03268447875977,6.23273895263672,-1.95104278564453
29-Apr-2022 14:12:23.632,-4.54918991088867,6.26477233886719,-2.31912734985352
29-Apr-2022 14:12:23.642,-3.66752334594727,5.88052139282227,-2.76475067138672
29-Apr-2022 14:12:23.652,-2.28604614257813,5.51842437744141,-2.89123764038086
29-Apr-2022 14:12:23.662,-0.422271881103516,5.87917419433594,-3.66872085571289
29-Apr-2022 14:12:23.672,-0.128432922363281,6.16058898925781,-3.63773529052734
29-Apr-2022 14:12:23.681,0.476159820556641,6.02422256469727,-3.35362609863281
29-Apr-2022 14:12:23.691,0.703986053466797,5.36828659057617,-3.17893936157227
29-Apr-2022 14:12:23.701,0.821940765380859,4.91368194580078,-2.99826507568359
29-Apr-2022 14:12:23.711,0.596060485839844,4.5601171875,-2.58272918701172
29-Apr-2022 14:12:23.721,0.365090789794922,4.44680282592774,-2.18141372680664
29-Apr-2022 14:12:23.732,0.380508728027344,4.68106567382813,-1.74357421875
29-Apr-2022 14:12:23.742,0.440084838867188,5.49192947387695,-0.934207305908203
29-Apr-2022 14:12:23.752,-0.274080047607422,6.36790786743164,0.325273590087891
29-Apr-2022 14:12:23.762,-0.345930633544922,6.73614212036133,1.64253433227539
29-Apr-2022 14:12:23.772,0.237406311035156,6.93747344970703,2.54605545043945
29-Apr-2022 14:12:23.782,0.440084838867188,7.4196208190918,3.43056610107422
29-Apr-2022 14:12:23.792,-0.049097900390625,8.3298779296875,4.43886932373047
29-Apr-2022 14:12:23.801,-0.658031616210938,8.88986343383789,5.68832107543945
29-Apr-2022 14:12:23.811,-0.777932281494141,9.62393692016602,7.72124359130859
29-Apr-2022 14:12:23.821,-0.886905670166016,11.9418667602539,9.20944885253906
29-Apr-2022 14:12:23.831,-1.62427230834961,14.5684547424316,8.72984619140625
29-Apr-2022 14:12:23.841,-2.17677337646484,15.7685092163086,8.01104095458984
29-Apr-2022 14:12:23.851,-1.94535461425781,15.5150862121582,7.08282119750977
29-Apr-2022 14:12:23.861,-2.07169189453125,13.7472624206543,5.75927352905273
29-Apr-2022 14:12:23.871,-3.01009048461914,10.6064936828613,5.07624389648438
29-Apr-2022 14:12:23.881,-3.63698684692383,7.01052154541016,4.58945617675781
29-Apr-2022 14:12:23.891,-3.80359039306641,4.78195587158203,3.29210403442383
29-Apr-2022 14:12:23.901,-4.15880172729492,4.32405807495117,0.653690643310547
29-Apr-2022 14:12:23.911,-4.58272018432617,6.09248062133789,-1.30977630615234
29-Apr-2022 14:12:23.921,-5.70942718505859,10.8674011230469,-2.46088256835937
29-Apr-2022 14:12:23.931,-6.57402923583984,15.6300471496582,-1.89116729736328
29-Apr-2022 14:12:23.941,-6.3709016418457,18.1096408081055,0.837508392333984
29-Apr-2022 14:12:23.951,-4.20221145629883,18.4757794189453,3.60749816894531
29-Apr-2022 14:12:23.961,-1.76707534790039,16.0148968505859,6.15954116821289
29-Apr-2022 14:12:23.971,-1.35453323364258,11.1016639709473,7.44761260986328
29-Apr-2022 14:12:23.981,-0.834664306640625,7.52575012207031,4.48108154296875
29-Apr-2022 14:12:23.991,-1.41455841064453,6.35189117431641,-0.949325866699219
29-Apr-2022 14:12:24.001,-2.59665023803711,6.09712097167969,-5.65658706665039
29-Apr-2022 14:12:24.010,-2.30116470336914,6.20070556640625,-7.01531158447266
29-Apr-2022 14:12:24.020,0.226778411865234,7.45659393310547,-5.49058227539063
29-Apr-2022 14:12:24.030,4.19442764282227,9.57453964233398,-4.58780960083008
29-Apr-2022 14:12:24.040,7.0891081237793,10.9519752502441,-4.52404220581055
29-Apr-2022 14:12:24.050,6.89615936279297,10.5115910339355,-4.47075302124023
29-Apr-2022 14:12:24.060,3.23357574462891,9.90924362182617,-4.76549011230469
29-Apr-2022 14:12:24.070,-0.283510437011719,9.9104411315918,-5.2688932800293
29-Apr-2022 14:12:24.080,-1.53805160522461,9.78979202270508,-4.63151870727539
29-Apr-2022 14:12:24.089,-1.71049301147461,8.73927658081055,-3.33326843261719
29-Apr-2022 14:12:24.099,-1.41500747680664,7.72768020629883,-2.47495330810547
29-Apr-2022 14:12:24.109,-1.31396759033203,7.54805374145508,-2.08696014404297
29-Apr-2022 14:12:24.119,-1.6527131652832,7.98170196533203,-2.0454963684082
29-Apr-2022 14:12:24.130,-1.69926635742188,8.80678619384766,-2.53827163696289
29-Apr-2022 14:12:24.140,-0.992735595703125,9.61271026611328,-3.18268157958984
29-Apr-2022 14:12:24.150,-0.105231170654297,9.83200424194336,-3.50271606445312
29-Apr-2022 14:12:24.160,0.424068145751953,9.40120010375977,-3.3052766418457
29-Apr-2022 14:12:24.170,0.296832733154297,9.06305328369141,-2.40804244995117
29-Apr-2022 14:12:24.180,0.258961486816406,8.99494491577149,-1.93412796020508
29-Apr-2022 14:12:24.190,0.396226043701172,9.07427993774414,-2.06375839233398
29-Apr-2022 14:12:24.200,0.413290557861328,9.18789367675781,-2.29158462524414
29-Apr-2022 14:12:24.210,-0.0161663818359375,9.07487869262695,-2.22572158813477
29-Apr-2022 14:12:24.220,-0.492475891113281,8.57162521362305,-1.96990356445313
29-Apr-2022 14:12:24.230,-0.969234466552734,7.99562301635742,-1.64403121948242
29-Apr-2022 14:12:24.239,-1.08913513183594,7.71884857177734,-1.31576385498047
29-Apr-2022 14:12:24.249,-0.724942474365234,8.01702850341797,-1.10275680541992
29-Apr-2022 14:12:24.259,-0.00568817138671875,8.93746444702149,-1.32459548950195
29-Apr-2022 14:12:24.269,0.52929931640625,9.99411712646484,-1.9495458984375
29-Apr-2022 14:12:24.279,0.594862976074219,10.2934945678711,-2.20401672363281
29-Apr-2022 14:12:24.289,0.581540679931641,9.81718505859375,-1.90673492431641
29-Apr-2022 14:12:24.299,0.581840057373047,9.16274597167969,-1.57667129516602
29-Apr-2022 14:12:24.309,0.231269073486328,9.15750686645508,-1.54793106079102
29-Apr-2022 14:12:24.319,-0.573756866455078,9.38114181518555,-1.47967300415039
29-Apr-2022 14:12:24.329,-1.47832580566406,9.43009002685547,-1.40752304077148
29-Apr-2022 14:12:24.339,-2.38289474487305,9.58741287231445,-1.34360595703125
29-Apr-2022 14:12:24.349,-2.88539978027344,9.99052459716797,-1.04033660888672
29-Apr-2022 14:12:24.359,-2.74379425048828,9.89951385498047,-0.505947875976563
29-Apr-2022 14:12:24.369,-1.94325897216797,9.87750961303711,-0.417481842041016
29-Apr-2022 14:12:24.379,-0.502205657958984,10.6876249694824,-1.04737197875977
29-Apr-2022 14:12:24.389,1.00171691894531,11.6216825866699,-2.31583419799805
29-Apr-2022 14:12:24.399,1.63475051879883,11.8486106872559,-3.70090393066406
29-Apr-2022 14:12:24.408,1.49015121459961,11.2694650268555,-4.09159149169922
29-Apr-2022 14:12:24.418,0.995429992675781,10.1432070922852,-3.49403411865234
29-Apr-2022 14:12:24.428,0.231119384765625,9.8147900390625,-3.08448577880859
29-Apr-2022 14:12:24.438,-0.551453247070313,9.93753479003906,-3.3482373046875
29-Apr-2022 14:12:24.448,-1.31007568359375,10.5410797119141,-3.80269226074219
29-Apr-2022 14:12:24.458,-2.01106796264648,11.4666050720215,-3.59193054199219
29-Apr-2022 14:12:24.468,-2.04235290527344,12.6141188049316,-2.68406845092773
29-Apr-2022 14:12:24.478,-1.3605207824707,14.1764199829102,-1.55092483520508
29-Apr-2022 14:12:24.487,-0.72090087890625,15.5962174987793,-0.979862365722656
29-Apr-2022 14:12:24.497,-0.260458374023438,16.5151565551758,-0.381257171630859
29-Apr-2022 14:12:24.507,-0.179327087402344,16.4587239074707,0.631387023925781
29-Apr-2022 14:12:24.517,-0.449215850830078,16.0984231567383,1.54852981567383
29-Apr-2022 14:12:24.528,-0.976419525146484,15.7560850524902,2.07079376220703
29-Apr-2022 14:12:24.538,-1.82784896850586,14.6021347045898,2.39831268310547
29-Apr-2022 14:12:24.548,-2.23245758056641,12.9063111877441,2.06345901489258
29-Apr-2022 14:12:24.558,-1.79880935668945,11.6495246887207,0.624351654052734
29-Apr-2022 14:12:24.568,-0.675994262695312,10.5319486999512,-0.585731964111328
29-Apr-2022 14:12:24.578,0.658031616210938,10.9108108520508,-1.4227912902832
29-Apr-2022 14:12:24.588,1.89386169433594,11.8704652404785,-4.23229888916016
29-Apr-2022 14:12:24.598,2.66056732177734,12.8705355834961,-6.76143951416016
29-Apr-2022 14:12:24.608,2.48318618774414,15.4296139526367,-8.76172988891602
29-Apr-2022 14:12:24.618,1.76183624267578,16.6628993225098,-9.11828842163086
29-Apr-2022 14:12:24.628,1.73085067749023,14.9657286071777,-7.72363861083984
29-Apr-2022 14:12:24.638,1.3365705871582,13.3333731079102,-6.39889343261719
29-Apr-2022 14:12:24.648,0.556842041015625,12.0143161010742,-5.60868667602539
29-Apr-2022 14:12:24.658,-0.324674835205078,11.4954949951172,-5.54626647949219
29-Apr-2022 14:12:24.667,-0.672850799560547,11.6333583068848,-5.92587707519531
29-Apr-2022 14:12:24.677,-1.19885696411133,11.4314282226563,-5.29838195800781
29-Apr-2022 14:12:24.687,-2.24203765869141,11.5490835571289,-4.87431381225586
29-Apr-2022 14:12:24.697,-3.59103240966797,11.6888928222656,-4.09009460449219
29-Apr-2022 14:12:24.707,-4.20325927734375,11.360475769043,-3.78128677368164
29-Apr-2022 14:12:24.717,-4.20266052246094,10.3571122741699,-3.25857376098633
29-Apr-2022 14:12:24.727,-4.71669158935547,9.24193130493164,-2.4141796875
29-Apr-2022 14:12:24.737,-4.72821762084961,8.01942352294922,-2.3804997253418
29-Apr-2022 14:12:24.747,-4.74243804931641,6.81981811523438,-1.90389083862305
29-Apr-2022 14:12:24.757,-5.03253479003906,6.18319198608399,-1.31636260986328
29-Apr-2022 14:12:24.767,-4.90589813232422,5.98425567626953,-1.38387222290039
29-Apr-2022 14:12:24.777,-4.3159748840332,5.98545318603516,-1.61993133544922
29-Apr-2022 14:12:24.787,-3.51079925537109,6.03589828491211,-2.05702239990234
29-Apr-2022 14:12:24.797,-2.98090118408203,5.53369262695313,-2.26299407958984
29-Apr-2022 14:12:24.806,-1.52383117675781,5.58967620849609,-3.09586212158203
29-Apr-2022 14:12:24.816,-0.530796203613281,5.85432586669922,-3.88621856689453
29-Apr-2022 14:12:24.826,-0.0368234252929688,5.77050018310547,-4.20819900512695
29-Apr-2022 14:12:24.836,0.343685302734375,5.49103134155273,-4.20056488037109
29-Apr-2022 14:12:24.846,0.640817413330078,5.22174133300781,-3.90672592163086
29-Apr-2022 14:12:24.857,0.662821655273438,4.97475494384766,-3.35272796630859
29-Apr-2022 14:12:24.867,0.756377105712891,4.67822158813477,-2.73840545654297
29-Apr-2022 14:12:24.877,0.767154693603516,4.40938064575195,-2.09414520263672
29-Apr-2022 14:12:24.885,0.668659515380859,4.2198747253418,-1.34540222167969
29-Apr-2022 14:12:24.895,0.419278106689453,4.36252807617188,-0.757424926757813
29-Apr-2022 14:12:24.905,-0.115110626220703,4.81264205932617,-0.299826507568359
29-Apr-2022 14:12:24.915,-1.6239729309082,5.48684005737305,0.920735321044922
29-Apr-2022 14:12:24.926,-2.39891143798828,5.6999967956543,2.14878158569336
29-Apr-2022 14:12:24.936,-2.95665161132812,5.82828002929688,3.17699340820313
29-Apr-2022 14:12:24.946,-3.06936721801758,6.50457366943359,3.6642301940918
29-Apr-2022 14:12:24.956,-2.90231460571289,7.87078262329102,4.38513107299805
29-Apr-2022 14:12:24.966,-2.77657608032227,9.80476089477539,5.38235733032227
29-Apr-2022 14:12:24.976,-2.44187210083008,12.4490121459961,6.8546955871582
29-Apr-2022 14:12:24.986,-2.34936447143555,15.9571170043945,8.49004486083984
29-Apr-2022 14:12:24.996,-2.83690063476562,18.1058985900879,8.57506805419922
29-Apr-2022 14:12:25.006,-3.24315582275391,17.3830517578125,8.35352874755859
29-Apr-2022 14:12:25.016,-2.68885848999023,15.3393516540527,8.11567337036133
29-Apr-2022 14:12:25.026,-2.23096069335938,12.4398811340332,7.43952941894531
29-Apr-2022 14:12:25.036,-2.42256225585938,9.60432769775391,6.33557510375977
29-Apr-2022 14:12:25.046,-3.1711555480957,7.74923538208008,4.65232543945312
29-Apr-2022 14:12:25.056,-3.80254257202148,6.20474716186523,1.59104141235352
29-Apr-2022 14:12:25.066,-4.04428985595703,6.19441864013672,-0.594862976074219
29-Apr-2022 14:12:25.076,-4.63915283203125,8.85139343261719,-1.96765823364258
29-Apr-2022 14:12:25.086,-4.50907333374023,11.3652658081055,-2.67463806152344
29-Apr-2022 14:12:25.096,-3.19555480957031,12.2289697265625,-2.23500228881836
29-Apr-2022 14:12:25.105,-1.65959884643555,13.460009765625,-0.646505584716797
29-Apr-2022 14:12:25.115,-0.314196624755859,15.6475607299805,1.21951400756836
29-Apr-2022 14:12:25.125,-0.443527679443359,15.0944609069824,3.89070922851563
29-Apr-2022 14:12:25.135,-1.73983200073242,11.0471772766113,4.88254669189453
29-Apr-2022 14:12:25.145,-2.17333053588867,8.6222200012207,3.02176620483398
29-Apr-2022 14:12:25.155,-2.72583160400391,8.69766311645508,-0.626596984863281
29-Apr-2022 14:12:25.165,-2.40834182739258,10.6918162536621,-3.72036346435547
29-Apr-2022 14:12:25.175,0.348475341796875,11.6020733642578,-5.57695266723633
29-Apr-2022 14:12:25.185,4.47000457763672,10.1824255371094,-6.6580046081543
29-Apr-2022 14:12:25.195,6.9121760559082,7.78067001342774,-5.74445434570312
29-Apr-2022 14:12:25.205,5.91674606323242,6.07137451171875,-3.96989456176758
29-Apr-2022 14:12:25.214,3.23986267089844,5.87423446655273,-3.04436920166016
29-Apr-2022 14:12:25.224,0.982556762695313,7.35435653686524,-3.08029449462891
29-Apr-2022 14:12:25.234,-0.452359313964844,9.00677032470703,-3.26426193237305
29-Apr-2022 14:12:25.244,-1.09108108520508,9.69848190307617,-3.75898315429688
29-Apr-2022 14:12:25.255,-1.24106918334961,9.82242416381836,-3.71452560424805
29-Apr-2022 14:12:25.265,-1.87515060424805,9.7909895324707,-3.0750553894043
29-Apr-2022 14:12:25.275,-2.72598129272461,9.73515563964844,-2.37136871337891
29-Apr-2022 14:12:25.285,-3.38790481567383,9.14134048461914,-1.72037246704102
29-Apr-2022 14:12:25.295,-2.84273849487305,8.40442291259766,-1.7724641418457
29-Apr-2022 14:12:25.305,-1.47473327636719,7.90521102905273,-2.38139785766602
29-Apr-2022 14:12:25.313,0.0248483276367188,7.78830413818359,-2.89393203735352
29-Apr-2022 14:12:25.323,1.38222564697266,8.13573165893555,-3.11098068237305
29-Apr-2022 14:12:25.334,1.92918823242188,8.92189682006836,-2.80067596435547
29-Apr-2022 14:12:25.344,1.70899612426758,9.48382827758789,-2.22871536254883
29-Apr-2022 14:12:25.354,1.13883178710938,9.87316864013672,-2.05193298339844
29-Apr-2022 14:12:25.364,0.302221527099609,9.5368180847168,-1.69747009277344
29-Apr-2022 14:12:25.374,-0.431552581787109,9.17726577758789,-1.20753890991211
29-Apr-2022 14:12:25.384,-1.03854034423828,9.02563110351563,-0.964145050048828
29-Apr-2022 14:12:25.394,-1.49164810180664,8.92459121704102,-1.1352392578125
29-Apr-2022 14:12:25.404,-1.71692962646484,8.78627883911133,-1.72501281738281
29-Apr-2022 14:12:25.414,-1.66528701782227,8.7946614074707,-2.39771392822266
29-Apr-2022 14:12:25.424,-1.85539169311523,8.79316452026367,-2.83974472045898
29-Apr-2022 14:12:25.434,-2.059716796875,8.65709747314453,-2.78001892089844
29-Apr-2022 14:12:25.444,-1.94116333007813,8.27344528198242,-2.7304719543457
29-Apr-2022 14:12:25.454,-1.60421401977539,7.89637939453125,-2.93494674682617
29-Apr-2022 14:12:25.464,-1.21337677001953,7.85117340087891,-3.16891021728516
