,Nose,Neck,RShoulder,RElbow,RWrist,LShoulder,LElbow,LWrist,MidHip,RHip,RKnee,RAnkle,LHip,LKnee,LAnkle,REye,LEye,REar,LEar,LBigToe,LSmallToe,LHeel,RBigToe,RSmallToe,RHeel
0,"(250, 72, 0.825522)","(234, 98, 0.819174)","(220, 101, 0.773402)","(219, 142, 0.879452)","(228, 183, 0.765528)","(248, 97, 0.733866)","(254, 141, 0.22387)","(259, 165, 0.179008)","(242, 173, 0.6467)","(233, 173, 0.638412)","(224, 242, 0.792575)","(217, 312, 0.746276)","(252, 173, 0.59737)","(242, 241, 0.76556)","(242, 303, 0.812251)","(247, 66, 0.844758)","(251, 66, 0.246109)","(232, 68, 0.780185)","(0, 0, 0)","(265, 316, 0.792035)","(264, 311, 0.734082)","(237, 309, 0.641054)","(241, 326, 0.698986)","(233, 327, 0.666106)","(210, 319, 0.763161)"
1,"(251, 72, 0.836653)","(234, 100, 0.808217)","(221, 102, 0.782102)","(219, 143, 0.863093)","(230, 184, 0.748979)","(248, 97, 0.737567)","(255, 141, 0.169025)","(259, 164, 0.0912142)","(242, 174, 0.639753)","(234, 174, 0.635819)","(224, 242, 0.771952)","(218, 313, 0.757109)","(253, 173, 0.587318)","(243, 241, 0.74413)","(242, 303, 0.795236)","(247, 66, 0.840048)","(253, 66, 0.244902)","(232, 70, 0.807924)","(0, 0, 0)","(265, 316, 0.779228)","(264, 311, 0.7314)","(239, 309, 0.671885)","(241, 326, 0.710259)","(233, 328, 0.666246)","(211, 319, 0.749626)"
2,"(251, 73, 0.824193)","(234, 101, 0.807326)","(221, 102, 0.789108)","(220, 143, 0.823984)","(231, 186, 0.76194)","(248, 97, 0.718864)","(256, 140, 0.145768)","(263, 158, 0.0859109)","(242, 174, 0.647491)","(234, 174, 0.646188)","(225, 242, 0.778198)","(218, 313, 0.749721)","(253, 173, 0.601594)","(244, 241, 0.731931)","(242, 303, 0.775196)","(247, 67, 0.814037)","(253, 66, 0.273511)","(233, 71, 0.802089)","(0, 0, 0)","(265, 317, 0.758798)","(264, 311, 0.701851)","(239, 309, 0.648575)","(241, 327, 0.709276)","(233, 328, 0.66904)","(211, 320, 0.720011)"
3,"(251, 72, 0.820886)","(234, 101, 0.810871)","(222, 102, 0.791223)","(220, 143, 0.833829)","(230, 185, 0.752476)","(247, 97, 0.721945)","(255, 140, 0.161117)","(264, 158, 0.12862)","(243, 173, 0.643109)","(234, 174, 0.644775)","(225, 243, 0.77247)","(218, 313, 0.756987)","(254, 173, 0.614277)","(244, 241, 0.728904)","(242, 303, 0.789073)","(247, 67, 0.827091)","(254, 66, 0.335796)","(233, 71, 0.814114)","(0, 0, 0)","(265, 316, 0.768362)","(264, 311, 0.717211)","(239, 309, 0.636843)","(241, 326, 0.710112)","(233, 328, 0.676845)","(211, 320, 0.73199)"
4,"(251, 73, 0.819898)","(234, 101, 0.807625)","(222, 103, 0.794127)","(220, 143, 0.824016)","(229, 186, 0.770506)","(248, 98, 0.710227)","(254, 141, 0.136097)","(263, 157, 0.0938235)","(242, 174, 0.649301)","(234, 175, 0.6407)","(225, 244, 0.763615)","(218, 314, 0.765299)","(252, 174, 0.600461)","(244, 242, 0.717012)","(242, 303, 0.78889)","(247, 68, 0.798151)","(253, 67, 0.251862)","(233, 71, 0.820021)","(0, 0, 0)","(265, 317, 0.796119)","(264, 312, 0.718726)","(239, 309, 0.657854)","(241, 326, 0.709913)","(233, 328, 0.686589)","(211, 321, 0.734341)"
5,"(251, 73, 0.812178)","(234, 101, 0.80442)","(222, 103, 0.789931)","(220, 143, 0.813601)","(228, 186, 0.793202)","(248, 98, 0.713368)","(255, 141, 0.169375)","(264, 157, 0.113829)","(242, 174, 0.64663)","(234, 175, 0.639958)","(224, 245, 0.75779)","(218, 314, 0.767869)","(252, 174, 0.59665)","(244, 241, 0.71309)","(242, 304, 0.775075)","(247, 69, 0.798134)","(253, 67, 0.285778)","(233, 72, 0.828755)","(0, 0, 0)","(265, 317, 0.786681)","(264, 312, 0.716683)","(239, 310, 0.670758)","(240, 326, 0.698632)","(233, 328, 0.674804)","(211, 321, 0.750285)"
6,"(251, 73, 0.810773)","(234, 102, 0.818084)","(222, 103, 0.799698)","(220, 145, 0.803492)","(227, 187, 0.8244)","(248, 99, 0.718149)","(255, 142, 0.159412)","(264, 157, 0.0961677)","(242, 176, 0.633668)","(234, 176, 0.633501)","(224, 246, 0.765037)","(218, 315, 0.763)","(254, 175, 0.589408)","(243, 242, 0.714551)","(242, 304, 0.777478)","(247, 70, 0.803517)","(252, 68, 0.293756)","(233, 72, 0.829232)","(0, 0, 0)","(265, 317, 0.797387)","(264, 313, 0.718529)","(240, 310, 0.65097)","(240, 326, 0.711643)","(233, 328, 0.687801)","(211, 322, 0.738451)"
7,"(250, 73, 0.834994)","(235, 102, 0.824927)","(222, 103, 0.803505)","(219, 147, 0.815899)","(226, 187, 0.848659)","(249, 101, 0.729086)","(255, 142, 0.165683)","(264, 157, 0.139599)","(242, 176, 0.647371)","(234, 177, 0.648651)","(225, 246, 0.784703)","(218, 315, 0.760022)","(254, 176, 0.607011)","(243, 242, 0.722529)","(242, 304, 0.767818)","(247, 69, 0.813613)","(253, 67, 0.306679)","(233, 72, 0.831558)","(0, 0, 0)","(265, 317, 0.780429)","(265, 313, 0.696728)","(240, 310, 0.669751)","(240, 326, 0.668598)","(233, 328, 0.644819)","(211, 322, 0.745528)"
8,"(251, 73, 0.839137)","(235, 103, 0.824627)","(222, 103, 0.800883)","(219, 148, 0.826142)","(226, 188, 0.835491)","(249, 101, 0.723034)","(255, 141, 0.134285)","(264, 157, 0.102772)","(242, 177, 0.651921)","(234, 178, 0.65511)","(225, 246, 0.792487)","(218, 316, 0.759405)","(255, 177, 0.623351)","(244, 242, 0.710055)","(242, 304, 0.773067)","(247, 69, 0.827672)","(253, 68, 0.26016)","(233, 72, 0.840487)","(0, 0, 0)","(265, 318, 0.772193)","(265, 314, 0.68261)","(240, 310, 0.659857)","(241, 327, 0.647706)","(233, 329, 0.638949)","(211, 323, 0.741349)"
9,"(251, 74, 0.813604)","(234, 103, 0.843992)","(221, 103, 0.803739)","(219, 148, 0.841966)","(226, 189, 0.834264)","(248, 101, 0.728011)","(255, 144, 0.110414)","(264, 157, 0.0659041)","(242, 178, 0.644643)","(234, 178, 0.652057)","(225, 245, 0.770266)","(218, 316, 0.761176)","(254, 177, 0.601302)","(243, 242, 0.704073)","(242, 306, 0.75212)","(247, 71, 0.840057)","(253, 70, 0.278343)","(233, 72, 0.814022)","(0, 0, 0)","(265, 318, 0.781103)","(266, 316, 0.703392)","(239, 310, 0.639349)","(241, 328, 0.642376)","(233, 330, 0.644426)","(211, 324, 0.737535)"
10,"(250, 75, 0.811123)","(234, 103, 0.854818)","(221, 104, 0.79363)","(219, 149, 0.867014)","(225, 191, 0.798095)","(248, 102, 0.751484)","(254, 142, 0.128893)","(264, 160, 0.0607796)","(242, 177, 0.638556)","(234, 177, 0.644822)","(225, 247, 0.782257)","(218, 317, 0.757483)","(253, 176, 0.598388)","(243, 243, 0.690068)","(242, 307, 0.759441)","(246, 71, 0.833153)","(251, 71, 0.330724)","(232, 72, 0.785963)","(0, 0, 0)","(265, 319, 0.72609)","(265, 317, 0.70418)","(239, 311, 0.624062)","(241, 330, 0.674484)","(234, 331, 0.683156)","(211, 325, 0.751848)"
11,"(249, 79, 0.828005)","(234, 105, 0.846597)","(220, 107, 0.76903)","(219, 150, 0.881743)","(224, 193, 0.776587)","(248, 104, 0.79297)","(255, 145, 0.130378)","(265, 161, 0.072651)","(242, 180, 0.662972)","(233, 180, 0.667336)","(225, 248, 0.835073)","(217, 318, 0.750169)","(253, 179, 0.606427)","(242, 247, 0.726334)","(242, 309, 0.797913)","(245, 73, 0.857614)","(250, 73, 0.443297)","(231, 74, 0.755791)","(0, 0, 0)","(265, 322, 0.718392)","(264, 318, 0.718212)","(237, 314, 0.616161)","(241, 332, 0.698881)","(234, 333, 0.669969)","(210, 326, 0.767513)"
12,"(250, 80, 0.845714)","(234, 106, 0.80882)","(220, 109, 0.776778)","(218, 151, 0.830662)","(224, 195, 0.799144)","(248, 104, 0.748397)","(255, 147, 0.10251)","(260, 164, 0.0549163)","(242, 180, 0.658579)","(233, 180, 0.647176)","(225, 249, 0.793772)","(217, 320, 0.744719)","(252, 180, 0.610897)","(242, 248, 0.737858)","(242, 310, 0.815499)","(246, 73, 0.856656)","(251, 73, 0.390808)","(230, 77, 0.754198)","(0, 0, 0)","(264, 324, 0.7521)","(264, 319, 0.721329)","(236, 317, 0.673504)","(240, 333, 0.681882)","(233, 334, 0.639032)","(210, 328, 0.745349)"
13,"(249, 81, 0.866401)","(234, 109, 0.823186)","(220, 110, 0.79784)","(218, 154, 0.819825)","(223, 196, 0.794966)","(248, 106, 0.734874)","(252, 148, 0.164511)","(264, 165, 0.117959)","(242, 184, 0.660293)","(232, 185, 0.639293)","(224, 252, 0.761014)","(217, 324, 0.745153)","(253, 183, 0.601516)","(242, 249, 0.746212)","(242, 311, 0.785872)","(243, 74, 0.806165)","(250, 74, 0.498931)","(231, 78, 0.759742)","(0, 0, 0)","(265, 326, 0.769683)","(264, 323, 0.689269)","(237, 318, 0.636912)","(241, 335, 0.662316)","(233, 339, 0.628823)","(210, 330, 0.748263)"
14,"(248, 83, 0.836756)","(235, 110, 0.852792)","(221, 111, 0.794111)","(218, 154, 0.838284)","(224, 197, 0.781756)","(249, 110, 0.754622)","(253, 149, 0.264824)","(265, 167, 0.191068)","(242, 186, 0.666377)","(233, 187, 0.661324)","(225, 255, 0.799706)","(218, 324, 0.765875)","(254, 185, 0.611585)","(243, 250, 0.714297)","(242, 313, 0.776259)","(242, 79, 0.847678)","(249, 79, 0.684111)","(229, 80, 0.779208)","(0, 0, 0)","(264, 326, 0.756721)","(264, 324, 0.718628)","(237, 318, 0.629813)","(240, 335, 0.62763)","(232, 338, 0.611834)","(211, 330, 0.725068)"
15,"(249, 83, 0.845251)","(235, 111, 0.848572)","(221, 111, 0.794484)","(218, 155, 0.86398)","(224, 198, 0.781472)","(249, 110, 0.761987)","(254, 150, 0.18716)","(264, 167, 0.100524)","(242, 187, 0.657971)","(233, 187, 0.667858)","(225, 255, 0.774195)","(218, 324, 0.773483)","(254, 186, 0.615427)","(244, 249, 0.701814)","(242, 313, 0.769916)","(243, 79, 0.836605)","(250, 79, 0.562475)","(230, 80, 0.792456)","(0, 0, 0)","(264, 326, 0.759641)","(264, 324, 0.712454)","(239, 318, 0.655015)","(241, 336, 0.603031)","(233, 339, 0.6136)","(211, 331, 0.7249)"
16,"(248, 82, 0.854724)","(235, 110, 0.845349)","(222, 111, 0.806722)","(219, 154, 0.840848)","(224, 196, 0.785191)","(249, 110, 0.765851)","(255, 148, 0.15061)","(264, 165, 0.101232)","(242, 183, 0.639609)","(233, 184, 0.638857)","(225, 253, 0.760319)","(218, 323, 0.764827)","(255, 181, 0.625564)","(245, 248, 0.715958)","(242, 312, 0.754811)","(242, 78, 0.834975)","(250, 79, 0.703754)","(229, 80, 0.77193)","(0, 0, 0)","(265, 326, 0.760635)","(265, 323, 0.694705)","(238, 318, 0.631033)","(240, 334, 0.632105)","(233, 337, 0.607385)","(212, 329, 0.706493)"
17,"(249, 81, 0.880416)","(236, 110, 0.825011)","(221, 110, 0.786297)","(218, 153, 0.838426)","(224, 196, 0.808192)","(250, 110, 0.758852)","(255, 146, 0.214162)","(259, 166, 0.148354)","(242, 182, 0.644214)","(233, 183, 0.641393)","(225, 251, 0.742036)","(218, 322, 0.751675)","(254, 181, 0.613541)","(245, 247, 0.701693)","(242, 311, 0.770098)","(242, 75, 0.840175)","(250, 75, 0.634959)","(228, 79, 0.770041)","(0, 0, 0)","(265, 326, 0.781993)","(264, 322, 0.709574)","(239, 318, 0.635106)","(241, 335, 0.659946)","(233, 338, 0.617984)","(211, 329, 0.721306)"
18,"(248, 81, 0.862265)","(234, 110, 0.867206)","(220, 110, 0.813248)","(218, 154, 0.819434)","(223, 196, 0.794528)","(248, 110, 0.762562)","(255, 149, 0.15429)","(263, 165, 0.0749692)","(242, 183, 0.667159)","(232, 183, 0.63095)","(224, 252, 0.732847)","(217, 323, 0.739421)","(254, 182, 0.620272)","(242, 248, 0.746068)","(241, 312, 0.761797)","(242, 76, 0.858485)","(249, 76, 0.701851)","(227, 79, 0.77391)","(0, 0, 0)","(264, 326, 0.772517)","(264, 324, 0.714909)","(236, 318, 0.592143)","(240, 334, 0.689598)","(232, 336, 0.631813)","(210, 329, 0.727724)"
19,"(248, 81, 0.866757)","(234, 111, 0.878399)","(220, 111, 0.824893)","(218, 154, 0.823158)","(222, 196, 0.783486)","(248, 110, 0.803599)","(255, 149, 0.204502)","(265, 165, 0.108315)","(242, 182, 0.661044)","(232, 183, 0.637186)","(224, 251, 0.733408)","(217, 324, 0.760415)","(254, 181, 0.627402)","(243, 248, 0.736214)","(241, 312, 0.765205)","(242, 77, 0.87801)","(249, 77, 0.759647)","(226, 80, 0.807832)","(0, 0, 0)","(264, 326, 0.772403)","(264, 324, 0.72466)","(236, 318, 0.602544)","(240, 334, 0.65712)","(232, 338, 0.624311)","(211, 330, 0.726257)"
20,"(249, 83, 0.862351)","(234, 111, 0.865801)","(220, 111, 0.8009)","(219, 154, 0.81165)","(226, 198, 0.815816)","(248, 111, 0.783954)","(256, 150, 0.162261)","(268, 164, 0.0888504)","(242, 186, 0.665293)","(233, 186, 0.668041)","(224, 255, 0.774281)","(218, 325, 0.777766)","(254, 185, 0.62234)","(245, 249, 0.71365)","(242, 314, 0.76137)","(242, 79, 0.860285)","(250, 80, 0.697155)","(227, 80, 0.808014)","(0, 0, 0)","(264, 327, 0.729401)","(264, 325, 0.718175)","(238, 319, 0.666766)","(241, 338, 0.600974)","(234, 340, 0.625037)","(211, 332, 0.740514)"
21,"(249, 85, 0.832697)","(234, 112, 0.846006)","(222, 112, 0.78009)","(223, 155, 0.775226)","(229, 195, 0.778335)","(248, 111, 0.774243)","(256, 155, 0.188579)","(264, 170, 0.098476)","(242, 185, 0.63625)","(233, 186, 0.619182)","(225, 255, 0.774256)","(218, 326, 0.769232)","(253, 184, 0.591914)","(244, 250, 0.688457)","(242, 316, 0.7701)","(242, 80, 0.877712)","(250, 80, 0.75802)","(228, 81, 0.796444)","(0, 0, 0)","(265, 328, 0.741707)","(264, 325, 0.736226)","(239, 320, 0.645994)","(240, 340, 0.525154)","(232, 341, 0.553271)","(211, 332, 0.698496)"
22,"(248, 87, 0.852666)","(235, 113, 0.810765)","(221, 113, 0.767908)","(225, 156, 0.809473)","(234, 195, 0.810078)","(248, 112, 0.74704)","(256, 156, 0.184572)","(265, 171, 0.0758399)","(241, 187, 0.675366)","(229, 187, 0.601922)","(225, 255, 0.771441)","(218, 327, 0.755722)","(251, 187, 0.627689)","(245, 251, 0.683545)","(242, 317, 0.76629)","(242, 81, 0.88627)","(249, 81, 0.771505)","(227, 82, 0.765883)","(0, 0, 0)","(265, 329, 0.733418)","(264, 326, 0.732757)","(239, 322, 0.601694)","(240, 340, 0.543986)","(232, 341, 0.575973)","(211, 333, 0.698847)"
23,"(249, 87, 0.868637)","(234, 112, 0.816718)","(221, 114, 0.765287)","(228, 155, 0.783016)","(241, 189, 0.824403)","(247, 111, 0.749638)","(256, 150, 0.0645117)","(0, 0, 0)","(240, 188, 0.640491)","(227, 189, 0.639152)","(224, 256, 0.77807)","(218, 327, 0.757003)","(249, 188, 0.642432)","(246, 249, 0.688858)","(242, 316, 0.762392)","(242, 81, 0.89138)","(249, 81, 0.696357)","(227, 83, 0.803348)","(0, 0, 0)","(264, 330, 0.737468)","(264, 326, 0.737565)","(238, 321, 0.601632)","(240, 340, 0.555094)","(232, 341, 0.58255)","(211, 333, 0.705277)"
24,"(248, 88, 0.880351)","(233, 113, 0.763024)","(220, 115, 0.763879)","(232, 153, 0.765405)","(249, 188, 0.807996)","(244, 111, 0.669935)","(0, 0, 0)","(0, 0, 0)","(236, 188, 0.645051)","(228, 189, 0.642077)","(224, 256, 0.752964)","(218, 326, 0.75447)","(244, 188, 0.575891)","(243, 249, 0.692782)","(242, 316, 0.768308)","(242, 81, 0.899849)","(249, 81, 0.713035)","(226, 83, 0.814333)","(0, 0, 0)","(265, 330, 0.741228)","(264, 326, 0.743564)","(238, 321, 0.585836)","(240, 340, 0.544306)","(232, 341, 0.557477)","(211, 333, 0.714941)"
25,"(248, 88, 0.843888)","(232, 112, 0.729318)","(220, 114, 0.77348)","(235, 151, 0.826763)","(264, 186, 0.842529)","(242, 111, 0.668338)","(0, 0, 0)","(0, 0, 0)","(240, 188, 0.646187)","(231, 188, 0.604647)","(224, 256, 0.761428)","(217, 326, 0.762167)","(248, 187, 0.619023)","(243, 250, 0.697305)","(242, 316, 0.782212)","(242, 81, 0.889479)","(249, 81, 0.756956)","(226, 83, 0.784885)","(0, 0, 0)","(264, 328, 0.753678)","(264, 325, 0.756327)","(237, 320, 0.610032)","(241, 340, 0.584627)","(233, 341, 0.598803)","(211, 333, 0.724309)"
26,"(247, 87, 0.835579)","(232, 111, 0.75286)","(219, 113, 0.778329)","(241, 150, 0.837685)","(271, 178, 0.802676)","(244, 111, 0.661912)","(0, 0, 0)","(0, 0, 0)","(239, 188, 0.616301)","(228, 188, 0.588549)","(223, 256, 0.753306)","(217, 326, 0.768389)","(248, 187, 0.593733)","(243, 250, 0.696657)","(242, 315, 0.777718)","(241, 81, 0.887744)","(248, 81, 0.727352)","(226, 83, 0.792199)","(0, 0, 0)","(264, 328, 0.747967)","(264, 325, 0.746216)","(238, 319, 0.655133)","(241, 339, 0.578344)","(233, 341, 0.596105)","(211, 332, 0.724191)"
27,"(247, 87, 0.816435)","(233, 111, 0.820878)","(219, 111, 0.81718)","(241, 143, 0.834132)","(280, 168, 0.785909)","(247, 112, 0.657389)","(252, 149, 0.0964704)","(276, 167, 0.0920727)","(238, 189, 0.59752)","(226, 190, 0.588351)","(223, 256, 0.76914)","(217, 325, 0.768094)","(248, 188, 0.570112)","(242, 251, 0.698669)","(242, 315, 0.788947)","(241, 81, 0.889816)","(248, 81, 0.757407)","(226, 82, 0.744466)","(0, 0, 0)","(264, 327, 0.761661)","(264, 325, 0.74352)","(237, 319, 0.688602)","(241, 339, 0.605847)","(233, 340, 0.616221)","(211, 332, 0.73287)"
28,"(246, 88, 0.810362)","(234, 112, 0.837116)","(219, 111, 0.825145)","(244, 142, 0.835065)","(287, 157, 0.855977)","(249, 114, 0.685421)","(264, 163, 0.60389)","(287, 164, 0.546362)","(238, 188, 0.614016)","(226, 188, 0.61808)","(224, 256, 0.765378)","(217, 326, 0.751011)","(248, 188, 0.604235)","(242, 252, 0.721989)","(242, 316, 0.794638)","(241, 81, 0.856424)","(248, 81, 0.755608)","(225, 85, 0.743938)","(0, 0, 0)","(264, 329, 0.737711)","(264, 325, 0.743309)","(237, 321, 0.628228)","(241, 340, 0.59828)","(233, 341, 0.60524)","(210, 333, 0.71703)"
29,"(246, 88, 0.809)","(234, 111, 0.836198)","(219, 111, 0.821391)","(249, 139, 0.787868)","(295, 148, 0.831705)","(249, 111, 0.681104)","(263, 156, 0.302232)","(283, 160, 0.158674)","(237, 189, 0.612477)","(226, 190, 0.62824)","(223, 256, 0.776781)","(217, 326, 0.749366)","(248, 189, 0.591046)","(242, 253, 0.717439)","(242, 316, 0.788189)","(241, 82, 0.844955)","(248, 82, 0.748902)","(225, 85, 0.750316)","(0, 0, 0)","(264, 329, 0.728722)","(264, 326, 0.733942)","(236, 321, 0.59202)","(241, 340, 0.567151)","(232, 341, 0.579861)","(211, 333, 0.731357)"
30,"(246, 88, 0.82009)","(233, 111, 0.854063)","(219, 111, 0.834904)","(249, 133, 0.871073)","(300, 134, 0.848324)","(248, 111, 0.713457)","(261, 140, 0.18718)","(265, 157, 0.107538)","(239, 187, 0.611363)","(227, 187, 0.607758)","(223, 256, 0.75164)","(217, 326, 0.755191)","(248, 186, 0.590047)","(242, 251, 0.73513)","(242, 316, 0.784791)","(241, 81, 0.860999)","(248, 81, 0.716062)","(226, 84, 0.709811)","(0, 0, 0)","(264, 328, 0.725749)","(264, 325, 0.729553)","(237, 320, 0.599247)","(241, 340, 0.522719)","(232, 341, 0.547908)","(211, 333, 0.715357)"
31,"(246, 88, 0.783931)","(229, 111, 0.82738)","(218, 110, 0.838635)","(251, 129, 0.792099)","(300, 119, 0.806569)","(242, 111, 0.6746)","(260, 134, 0.180894)","(0, 0, 0)","(236, 186, 0.619641)","(226, 187, 0.617136)","(223, 255, 0.736803)","(217, 326, 0.746589)","(247, 186, 0.574196)","(242, 252, 0.727269)","(241, 315, 0.77694)","(241, 81, 0.818974)","(248, 81, 0.465609)","(226, 82, 0.707048)","(0, 0, 0)","(264, 327, 0.753408)","(264, 325, 0.718684)","(236, 319, 0.624082)","(238, 336, 0.571001)","(230, 339, 0.585775)","(210, 332, 0.703252)"
32,"(244, 88, 0.827867)","(226, 110, 0.851328)","(218, 110, 0.850761)","(253, 126, 0.843711)","(294, 109, 0.826972)","(235, 111, 0.62097)","(251, 145, 0.122748)","(264, 157, 0.0987457)","(235, 186, 0.619667)","(226, 187, 0.619151)","(221, 256, 0.763295)","(215, 325, 0.726291)","(244, 185, 0.541855)","(241, 253, 0.745267)","(241, 315, 0.769559)","(241, 81, 0.853294)","(247, 82, 0.428319)","(225, 83, 0.761455)","(0, 0, 0)","(264, 327, 0.712616)","(263, 325, 0.689113)","(235, 319, 0.652218)","(238, 338, 0.567004)","(229, 340, 0.581514)","(210, 332, 0.710177)"
33,"(242, 88, 0.814429)","(225, 110, 0.821733)","(218, 110, 0.842769)","(254, 124, 0.800832)","(289, 96, 0.827321)","(234, 111, 0.575769)","(249, 140, 0.0942224)","(0, 0, 0)","(234, 186, 0.631362)","(225, 187, 0.621411)","(220, 256, 0.780104)","(212, 326, 0.733643)","(244, 186, 0.559778)","(241, 255, 0.767306)","(241, 317, 0.785946)","(240, 82, 0.812304)","(244, 81, 0.341909)","(225, 84, 0.726458)","(0, 0, 0)","(263, 328, 0.704709)","(262, 325, 0.668908)","(234, 322, 0.647028)","(238, 340, 0.490615)","(229, 341, 0.523078)","(209, 332, 0.703018)"
34,"(242, 88, 0.826985)","(225, 111, 0.790527)","(217, 110, 0.801764)","(256, 120, 0.877741)","(285, 89, 0.831075)","(233, 111, 0.566461)","(253, 146, 0.133708)","(0, 0, 0)","(234, 187, 0.652356)","(225, 187, 0.638231)","(219, 256, 0.800984)","(212, 325, 0.746997)","(244, 186, 0.576274)","(241, 256, 0.770735)","(240, 317, 0.778288)","(240, 82, 0.795322)","(243, 82, 0.293149)","(224, 84, 0.754767)","(0, 0, 0)","(263, 327, 0.687551)","(261, 325, 0.644431)","(234, 322, 0.644243)","(235, 338, 0.420987)","(227, 340, 0.47569)","(208, 332, 0.684458)"
35,"(243, 89, 0.824851)","(225, 111, 0.779056)","(218, 110, 0.83368)","(257, 119, 0.902255)","(279, 81, 0.865505)","(233, 111, 0.543507)","(257, 125, 0.155361)","(266, 119, 0.0749072)","(234, 188, 0.648643)","(225, 188, 0.631479)","(220, 256, 0.773175)","(212, 326, 0.734944)","(242, 188, 0.57202)","(241, 256, 0.771572)","(241, 317, 0.792805)","(240, 84, 0.814786)","(244, 82, 0.245972)","(225, 85, 0.749918)","(0, 0, 0)","(263, 329, 0.728382)","(262, 326, 0.684578)","(234, 322, 0.647661)","(236, 340, 0.42076)","(228, 341, 0.459988)","(208, 333, 0.692055)"
36,"(0, 0, 0)","(0, 0, 0)","(640, 166, 0.32705)","(624, 202, 0.770964)","(573, 202, 0.836447)","(0, 0, 0)","(0, 0, 0)","(0, 0, 0)","(0, 0, 0)","(0, 0, 0)","(0, 0, 0)","(0, 0, 0)","(0, 0, 0)","(0, 0, 0)","(0, 0, 0)","(0, 0, 0)","(0, 0, 0)","(0, 0, 0)","(0, 0, 0)","(0, 0, 0)","(0, 0, 0)","(0, 0, 0)","(0, 0, 0)","(0, 0, 0)","(0, 0, 0)"
37,"(0, 0, 0)","(0, 0, 0)","(640, 168, 0.264844)","(624, 202, 0.7934)","(572, 202, 0.842211)","(0, 0, 0)","(0, 0, 0)","(0, 0, 0)","(0, 0, 0)","(0, 0, 0)","(0, 0, 0)","(0, 0, 0)","(0, 0, 0)","(0, 0, 0)","(0, 0, 0)","(0, 0, 0)","(0, 0, 0)","(0, 0, 0)","(0, 0, 0)","(0, 0, 0)","(0, 0, 0)","(0, 0, 0)","(0, 0, 0)","(0, 0, 0)","(0, 0, 0)"
38,"(0, 0, 0)","(0, 0, 0)","(640, 170, 0.49356)","(624, 202, 0.846554)","(575, 203, 0.848007)","(0, 0, 0)","(0, 0, 0)","(0, 0, 0)","(0, 0, 0)","(0, 0, 0)","(0, 0, 0)","(0, 0, 0)","(0, 0, 0)","(0, 0, 0)","(0, 0, 0)","(0, 0, 0)","(0, 0, 0)","(0, 0, 0)","(0, 0, 0)","(0, 0, 0)","(0, 0, 0)","(0, 0, 0)","(0, 0, 0)","(0, 0, 0)","(0, 0, 0)"
39,"(0, 0, 0)","(0, 0, 0)","(640, 171, 0.493692)","(623, 202, 0.847585)","(572, 203, 0.830759)","(0, 0, 0)","(0, 0, 0)","(0, 0, 0)","(0, 0, 0)","(0, 0, 0)","(0, 0, 0)","(0, 0, 0)","(0, 0, 0)","(0, 0, 0)","(0, 0, 0)","(0, 0, 0)","(0, 0, 0)","(0, 0, 0)","(0, 0, 0)","(0, 0, 0)","(0, 0, 0)","(0, 0, 0)","(0, 0, 0)","(0, 0, 0)","(0, 0, 0)"
40,"(0, 0, 0)","(0, 0, 0)","(640, 171, 0.490221)","(624, 203, 0.840354)","(572, 203, 0.826152)","(0, 0, 0)","(0, 0, 0)","(0, 0, 0)","(0, 0, 0)","(0, 0, 0)","(0, 0, 0)","(0, 0, 0)","(0, 0, 0)","(0, 0, 0)","(0, 0, 0)","(0, 0, 0)","(0, 0, 0)","(0, 0, 0)","(0, 0, 0)","(0, 0, 0)","(0, 0, 0)","(0, 0, 0)","(0, 0, 0)","(0, 0, 0)","(0, 0, 0)"
41,"(0, 0, 0)","(0, 0, 0)","(640, 171, 0.436355)","(624, 202, 0.848954)","(571, 203, 0.846977)","(0, 0, 0)","(0, 0, 0)","(0, 0, 0)","(0, 0, 0)","(0, 0, 0)","(0, 0, 0)","(0, 0, 0)","(0, 0, 0)","(0, 0, 0)","(0, 0, 0)","(0, 0, 0)","(0, 0, 0)","(0, 0, 0)","(0, 0, 0)","(0, 0, 0)","(0, 0, 0)","(0, 0, 0)","(0, 0, 0)","(0, 0, 0)","(0, 0, 0)"
42,"(0, 0, 0)","(0, 0, 0)","(640, 169, 0.410554)","(623, 202, 0.822825)","(572, 203, 0.840598)","(0, 0, 0)","(0, 0, 0)","(0, 0, 0)","(0, 0, 0)","(0, 0, 0)","(0, 0, 0)","(0, 0, 0)","(0, 0, 0)","(0, 0, 0)","(0, 0, 0)","(0, 0, 0)","(0, 0, 0)","(0, 0, 0)","(0, 0, 0)","(0, 0, 0)","(0, 0, 0)","(0, 0, 0)","(0, 0, 0)","(0, 0, 0)","(0, 0, 0)"
43,"(0, 0, 0)","(0, 0, 0)","(640, 169, 0.404128)","(623, 202, 0.800249)","(572, 203, 0.849967)","(0, 0, 0)","(0, 0, 0)","(0, 0, 0)","(0, 0, 0)","(0, 0, 0)","(0, 0, 0)","(0, 0, 0)","(0, 0, 0)","(0, 0, 0)","(0, 0, 0)","(0, 0, 0)","(0, 0, 0)","(0, 0, 0)","(0, 0, 0)","(0, 0, 0)","(0, 0, 0)","(0, 0, 0)","(0, 0, 0)","(0, 0, 0)","(0, 0, 0)"
44,"(0, 0, 0)","(0, 0, 0)","(640, 169, 0.425912)","(623, 202, 0.829155)","(573, 203, 0.848895)","(0, 0, 0)","(0, 0, 0)","(0, 0, 0)","(0, 0, 0)","(0, 0, 0)","(0, 0, 0)","(0, 0, 0)","(0, 0, 0)","(0, 0, 0)","(0, 0, 0)","(0, 0, 0)","(0, 0, 0)","(0, 0, 0)","(0, 0, 0)","(0, 0, 0)","(0, 0, 0)","(0, 0, 0)","(0, 0, 0)","(0, 0, 0)","(0, 0, 0)"
45,"(0, 0, 0)","(0, 0, 0)","(640, 170, 0.427307)","(623, 202, 0.820966)","(572, 203, 0.865717)","(0, 0, 0)","(0, 0, 0)","(0, 0, 0)","(0, 0, 0)","(0, 0, 0)","(0, 0, 0)","(0, 0, 0)","(0, 0, 0)","(0, 0, 0)","(0, 0, 0)","(0, 0, 0)","(0, 0, 0)","(0, 0, 0)","(0, 0, 0)","(0, 0, 0)","(0, 0, 0)","(0, 0, 0)","(0, 0, 0)","(0, 0, 0)","(0, 0, 0)"
46,"(0, 0, 0)","(0, 0, 0)","(640, 170, 0.401362)","(624, 202, 0.81102)","(571, 203, 0.862677)","(0, 0, 0)","(0, 0, 0)","(0, 0, 0)","(0, 0, 0)","(0, 0, 0)","(0, 0, 0)","(0, 0, 0)","(0, 0, 0)","(0, 0, 0)","(0, 0, 0)","(0, 0, 0)","(0, 0, 0)","(0, 0, 0)","(0, 0, 0)","(0, 0, 0)","(0, 0, 0)","(0, 0, 0)","(0, 0, 0)","(0, 0, 0)","(0, 0, 0)"
47,"(241, 88, 0.83565)","(225, 112, 0.759021)","(218, 113, 0.778191)","(247, 141, 0.875261)","(294, 142, 0.835406)","(233, 112, 0.595709)","(256, 157, 0.346387)","(277, 158, 0.208961)","(233, 192, 0.606344)","(225, 192, 0.593861)","(219, 259, 0.783893)","(210, 329, 0.750125)","(241, 192, 0.525789)","(240, 257, 0.768441)","(238, 317, 0.762717)","(235, 83, 0.769791)","(241, 82, 0.254619)","(223, 86, 0.755949)","(0, 0, 0)","(259, 331, 0.717626)","(258, 326, 0.704034)","(233, 323, 0.690054)","(233, 340, 0.513868)","(225, 341, 0.553007)","(204, 335, 0.660186)"
48,"(242, 88, 0.853719)","(225, 112, 0.758909)","(218, 112, 0.81981)","(242, 143, 0.841492)","(287, 156, 0.852073)","(232, 113, 0.597902)","(257, 165, 0.592124)","(288, 165, 0.575242)","(234, 191, 0.635631)","(225, 192, 0.616899)","(219, 257, 0.793952)","(211, 328, 0.739819)","(242, 191, 0.573215)","(241, 256, 0.790106)","(239, 317, 0.768617)","(237, 82, 0.780571)","(242, 82, 0.16331)","(224, 86, 0.774479)","(0, 0, 0)","(263, 331, 0.706352)","(261, 326, 0.668456)","(233, 323, 0.690268)","(233, 340, 0.518006)","(226, 341, 0.570827)","(206, 335, 0.668541)"
49,"(242, 88, 0.822659)","(226, 112, 0.744627)","(219, 111, 0.829555)","(241, 149, 0.843562)","(280, 170, 0.829839)","(233, 113, 0.598163)","(245, 154, 0.223077)","(272, 171, 0.169713)","(233, 192, 0.599386)","(225, 192, 0.584693)","(219, 257, 0.771297)","(211, 327, 0.745905)","(241, 192, 0.522677)","(241, 256, 0.766321)","(239, 317, 0.755949)","(240, 81, 0.838668)","(242, 81, 0.208463)","(224, 86, 0.794039)","(0, 0, 0)","(263, 331, 0.713008)","(261, 326, 0.662106)","(233, 322, 0.647872)","(234, 339, 0.52586)","(226, 341, 0.582803)","(206, 333, 0.680397)"
50,"(243, 88, 0.805416)","(226, 112, 0.732099)","(219, 111, 0.822878)","(236, 153, 0.789757)","(270, 180, 0.802834)","(235, 114, 0.581357)","(242, 150, 0.132849)","(263, 166, 0.189803)","(233, 188, 0.59073)","(226, 188, 0.577242)","(219, 257, 0.771341)","(211, 327, 0.742412)","(241, 188, 0.512887)","(241, 257, 0.768888)","(239, 317, 0.755143)","(240, 82, 0.843003)","(244, 82, 0.337568)","(224, 85, 0.765889)","(0, 0, 0)","(263, 331, 0.707651)","(262, 326, 0.662232)","(233, 323, 0.615243)","(234, 339, 0.487116)","(226, 340, 0.548932)","(207, 333, 0.668909)"
51,"(242, 88, 0.836649)","(226, 111, 0.748559)","(219, 112, 0.815231)","(233, 155, 0.844968)","(260, 189, 0.821263)","(234, 111, 0.606411)","(249, 152, 0.0592768)","(0, 0, 0)","(234, 187, 0.65452)","(226, 188, 0.65594)","(219, 257, 0.7446)","(211, 327, 0.734212)","(242, 187, 0.580507)","(241, 255, 0.737992)","(240, 317, 0.763692)","(240, 81, 0.872061)","(243, 81, 0.284755)","(225, 84, 0.787068)","(0, 0, 0)","(263, 330, 0.723293)","(262, 326, 0.67639)","(234, 324, 0.606942)","(234, 339, 0.429635)","(226, 341, 0.498677)","(208, 334, 0.627403)"
52,"(246, 88, 0.800198)","(227, 112, 0.716105)","(219, 112, 0.783491)","(226, 154, 0.78347)","(248, 191, 0.723579)","(237, 111, 0.570352)","(0, 0, 0)","(0, 0, 0)","(233, 192, 0.63999)","(225, 192, 0.621356)","(220, 257, 0.743974)","(212, 326, 0.716137)","(241, 193, 0.557696)","(241, 255, 0.744374)","(240, 317, 0.777639)","(241, 81, 0.873623)","(247, 81, 0.248274)","(226, 85, 0.778264)","(0, 0, 0)","(264, 330, 0.712219)","(263, 326, 0.688632)","(234, 323, 0.610626)","(234, 340, 0.472665)","(225, 341, 0.541946)","(209, 332, 0.649908)"
53,"(246, 87, 0.783669)","(227, 111, 0.738696)","(220, 111, 0.784134)","(225, 154, 0.830117)","(241, 192, 0.80197)","(236, 110, 0.594926)","(0, 0, 0)","(0, 0, 0)","(234, 189, 0.602629)","(226, 192, 0.614647)","(220, 256, 0.722019)","(213, 326, 0.722604)","(244, 188, 0.510885)","(241, 255, 0.760208)","(241, 317, 0.785174)","(241, 81, 0.885037)","(246, 80, 0.118328)","(227, 84, 0.747885)","(0, 0, 0)","(263, 329, 0.724921)","(263, 326, 0.706609)","(234, 322, 0.627677)","(234, 339, 0.440442)","(226, 340, 0.501048)","(209, 332, 0.657457)"
54,"(247, 87, 0.798266)","(228, 111, 0.707425)","(220, 111, 0.744248)","(225, 154, 0.81998)","(234, 189, 0.821327)","(239, 111, 0.579875)","(0, 0, 0)","(0, 0, 0)","(234, 195, 0.600654)","(225, 196, 0.603529)","(222, 256, 0.753943)","(215, 326, 0.724164)","(244, 195, 0.55288)","(241, 257, 0.785602)","(241, 317, 0.804247)","(241, 81, 0.881257)","(248, 80, 0.196738)","(229, 83, 0.725749)","(0, 0, 0)","(264, 329, 0.727923)","(263, 326, 0.712648)","(235, 322, 0.634475)","(235, 338, 0.450657)","(227, 340, 0.510556)","(210, 332, 0.681894)"
55,"(247, 86, 0.801837)","(229, 111, 0.725378)","(220, 111, 0.760037)","(225, 155, 0.830899)","(233, 189, 0.829368)","(240, 111, 0.584799)","(249, 153, 0.0530737)","(0, 0, 0)","(234, 191, 0.604835)","(225, 194, 0.602619)","(223, 256, 0.753516)","(215, 326, 0.725693)","(244, 190, 0.554828)","(241, 256, 0.755336)","(241, 317, 0.797443)","(241, 80, 0.897809)","(247, 80, 0.329748)","(227, 83, 0.73432)","(0, 0, 0)","(264, 329, 0.731448)","(263, 326, 0.718126)","(235, 321, 0.6299)","(234, 338, 0.448185)","(226, 340, 0.508547)","(210, 332, 0.678275)"
56,"(247, 86, 0.798291)","(228, 111, 0.730394)","(220, 111, 0.76306)","(226, 154, 0.807315)","(238, 189, 0.707533)","(238, 111, 0.604259)","(252, 156, 0.0581175)","(0, 0, 0)","(234, 193, 0.596028)","(225, 195, 0.608002)","(222, 257, 0.727527)","(216, 326, 0.718422)","(246, 192, 0.529814)","(242, 256, 0.752274)","(241, 317, 0.804126)","(241, 81, 0.895763)","(247, 80, 0.253964)","(227, 84, 0.739389)","(0, 0, 0)","(264, 329, 0.712926)","(264, 326, 0.707675)","(235, 323, 0.578762)","(236, 339, 0.444726)","(227, 340, 0.491516)","(210, 332, 0.666335)"
57,"(247, 87, 0.809696)","(229, 112, 0.72417)","(220, 112, 0.755666)","(227, 154, 0.765006)","(242, 190, 0.784749)","(239, 111, 0.611022)","(0, 0, 0)","(0, 0, 0)","(233, 194, 0.620983)","(225, 194, 0.631269)","(221, 257, 0.736759)","(216, 326, 0.721087)","(242, 194, 0.531891)","(242, 257, 0.78076)","(241, 317, 0.812884)","(241, 81, 0.902896)","(248, 80, 0.331216)","(227, 84, 0.755452)","(0, 0, 0)","(264, 329, 0.719773)","(263, 326, 0.714921)","(235, 323, 0.615578)","(234, 338, 0.474797)","(226, 340, 0.53064)","(210, 333, 0.660529)"
58,"(248, 88, 0.862076)","(231, 113, 0.729802)","(220, 114, 0.755528)","(233, 155, 0.800969)","(255, 194, 0.8058)","(241, 113, 0.667302)","(249, 151, 0.0846845)","(0, 0, 0)","(234, 190, 0.681434)","(225, 192, 0.654961)","(222, 257, 0.735286)","(217, 327, 0.731335)","(242, 189, 0.621087)","(242, 256, 0.758491)","(241, 318, 0.813225)","(242, 82, 0.862172)","(248, 81, 0.218298)","(228, 87, 0.763524)","(0, 0, 0)","(264, 330, 0.741562)","(264, 326, 0.720424)","(235, 324, 0.621837)","(235, 340, 0.451162)","(227, 341, 0.5127)","(211, 333, 0.667869)"
59,"(248, 88, 0.861398)","(230, 114, 0.719407)","(220, 115, 0.76497)","(234, 152, 0.81099)","(263, 187, 0.844475)","(241, 114, 0.644804)","(252, 150, 0.105885)","(0, 0, 0)","(234, 189, 0.62728)","(226, 191, 0.613746)","(222, 257, 0.729738)","(217, 329, 0.715737)","(242, 188, 0.549975)","(242, 255, 0.75112)","(241, 318, 0.802265)","(242, 82, 0.857532)","(248, 81, 0.196252)","(228, 86, 0.732764)","(0, 0, 0)","(264, 331, 0.718539)","(264, 326, 0.691548)","(235, 325, 0.58725)","(237, 340, 0.450037)","(228, 341, 0.508203)","(210, 334, 0.68285)"
60,"(248, 88, 0.84721)","(230, 114, 0.72225)","(220, 114, 0.768961)","(241, 151, 0.812553)","(272, 179, 0.815916)","(241, 114, 0.625935)","(244, 154, 0.111304)","(264, 172, 0.12392)","(234, 190, 0.643497)","(226, 190, 0.618964)","(220, 258, 0.721609)","(216, 329, 0.719296)","(242, 189, 0.565154)","(242, 256, 0.760035)","(241, 317, 0.818399)","(242, 82, 0.852059)","(248, 81, 0.170587)","(227, 87, 0.734716)","(0, 0, 0)","(264, 331, 0.734674)","(264, 326, 0.70363)","(235, 323, 0.64846)","(237, 341, 0.461658)","(228, 341, 0.509445)","(210, 334, 0.687552)"
61,"(247, 88, 0.845312)","(231, 116, 0.75274)","(219, 113, 0.782073)","(242, 149, 0.841003)","(279, 167, 0.696441)","(241, 117, 0.722754)","(251, 152, 0.341209)","(278, 171, 0.45945)","(234, 190, 0.620406)","(225, 190, 0.615032)","(220, 259, 0.724887)","(216, 330, 0.721727)","(243, 190, 0.545112)","(242, 256, 0.753817)","(241, 318, 0.807314)","(242, 82, 0.840287)","(248, 81, 0.162045)","(229, 85, 0.731468)","(0, 0, 0)","(264, 331, 0.759825)","(264, 327, 0.710966)","(235, 325, 0.634685)","(236, 341, 0.499399)","(228, 341, 0.536345)","(210, 335, 0.681276)"
62,"(245, 88, 0.818724)","(229, 113, 0.754319)","(219, 112, 0.802804)","(244, 143, 0.801252)","(286, 157, 0.853471)","(241, 116, 0.701804)","(257, 161, 0.448507)","(287, 166, 0.581613)","(234, 190, 0.636052)","(225, 190, 0.627202)","(220, 260, 0.732093)","(217, 330, 0.720949)","(244, 190, 0.571794)","(242, 256, 0.734094)","(241, 318, 0.808905)","(241, 83, 0.819723)","(247, 82, 0.175709)","(227, 87, 0.761471)","(0, 0, 0)","(264, 332, 0.741536)","(264, 327, 0.693201)","(236, 325, 0.635212)","(239, 341, 0.488424)","(230, 342, 0.511005)","(210, 337, 0.70371)"
63,"(243, 89, 0.804908)","(228, 114, 0.767506)","(219, 113, 0.802541)","(248, 141, 0.845557)","(294, 149, 0.831513)","(241, 115, 0.677815)","(261, 157, 0.399717)","(291, 160, 0.274302)","(234, 190, 0.644355)","(225, 191, 0.630594)","(220, 260, 0.732725)","(216, 330, 0.715323)","(243, 190, 0.579727)","(242, 256, 0.737433)","(241, 318, 0.809937)","(241, 85, 0.809573)","(247, 83, 0.13812)","(227, 87, 0.765545)","(0, 0, 0)","(264, 332, 0.743781)","(264, 328, 0.689956)","(236, 325, 0.657025)","(237, 340, 0.522833)","(229, 341, 0.559504)","(210, 336, 0.706644)"
64,"(243, 90, 0.772011)","(227, 114, 0.792345)","(218, 112, 0.816105)","(249, 135, 0.847705)","(297, 134, 0.823551)","(240, 115, 0.635691)","(250, 147, 0.274278)","(263, 163, 0.116535)","(234, 191, 0.643158)","(225, 192, 0.629375)","(219, 261, 0.741941)","(216, 329, 0.710088)","(243, 190, 0.575645)","(242, 257, 0.762642)","(241, 318, 0.809101)","(241, 87, 0.830988)","(247, 87, 0.0881517)","(227, 87, 0.748065)","(0, 0, 0)","(264, 332, 0.737925)","(263, 328, 0.691334)","(236, 325, 0.683325)","(235, 340, 0.528842)","(227, 341, 0.572589)","(210, 335, 0.709191)"
65,"(242, 90, 0.791979)","(226, 115, 0.785904)","(217, 112, 0.805832)","(253, 132, 0.80949)","(298, 122, 0.788987)","(241, 116, 0.59376)","(250, 148, 0.22934)","(264, 163, 0.192988)","(233, 189, 0.662437)","(224, 189, 0.630168)","(219, 258, 0.766665)","(214, 330, 0.685805)","(242, 189, 0.597853)","(241, 257, 0.767757)","(241, 318, 0.812966)","(240, 87, 0.81333)","(244, 87, 0.219794)","(225, 88, 0.757821)","(0, 0, 0)","(264, 332, 0.737789)","(263, 328, 0.696947)","(235, 325, 0.706795)","(236, 340, 0.473118)","(227, 341, 0.519274)","(209, 336, 0.666415)"
66,"(0, 0, 0)","(0, 0, 0)","(640, 168, 0.376666)","(626, 202, 0.764311)","(573, 202, 0.839794)","(0, 0, 0)","(0, 0, 0)","(0, 0, 0)","(0, 0, 0)","(0, 0, 0)","(0, 0, 0)","(0, 0, 0)","(0, 0, 0)","(0, 0, 0)","(0, 0, 0)","(0, 0, 0)","(0, 0, 0)","(0, 0, 0)","(0, 0, 0)","(0, 0, 0)","(0, 0, 0)","(0, 0, 0)","(0, 0, 0)","(0, 0, 0)","(0, 0, 0)"
67,"(0, 0, 0)","(0, 0, 0)","(640, 167, 0.433952)","(625, 202, 0.784646)","(572, 202, 0.84418)","(0, 0, 0)","(0, 0, 0)","(0, 0, 0)","(0, 0, 0)","(0, 0, 0)","(0, 0, 0)","(0, 0, 0)","(0, 0, 0)","(0, 0, 0)","(0, 0, 0)","(0, 0, 0)","(0, 0, 0)","(0, 0, 0)","(0, 0, 0)","(0, 0, 0)","(0, 0, 0)","(0, 0, 0)","(0, 0, 0)","(0, 0, 0)","(0, 0, 0)"
68,"(0, 0, 0)","(0, 0, 0)","(640, 166, 0.402545)","(625, 202, 0.759273)","(572, 202, 0.853286)","(0, 0, 0)","(0, 0, 0)","(0, 0, 0)","(0, 0, 0)","(0, 0, 0)","(0, 0, 0)","(0, 0, 0)","(0, 0, 0)","(0, 0, 0)","(0, 0, 0)","(0, 0, 0)","(0, 0, 0)","(0, 0, 0)","(0, 0, 0)","(0, 0, 0)","(0, 0, 0)","(0, 0, 0)","(0, 0, 0)","(0, 0, 0)","(0, 0, 0)"
69,"(242, 90, 0.840199)","(225, 112, 0.77935)","(217, 111, 0.826513)","(256, 118, 0.870636)","(282, 84, 0.781169)","(234, 112, 0.576796)","(256, 125, 0.115249)","(0, 0, 0)","(233, 191, 0.659358)","(222, 191, 0.610458)","(218, 261, 0.768874)","(211, 329, 0.701801)","(242, 191, 0.587845)","(241, 258, 0.740148)","(240, 318, 0.767029)","(240, 87, 0.852703)","(242, 87, 0.084356)","(225, 87, 0.820951)","(0, 0, 0)","(263, 331, 0.706721)","(261, 327, 0.637208)","(233, 325, 0.66622)","(233, 340, 0.438064)","(225, 341, 0.497397)","(207, 335, 0.6238)"
70,"(242, 89, 0.845253)","(225, 112, 0.802637)","(216, 111, 0.828612)","(257, 114, 0.828029)","(277, 79, 0.830768)","(236, 112, 0.573056)","(257, 118, 0.220616)","(0, 0, 0)","(234, 188, 0.675153)","(224, 189, 0.642126)","(219, 258, 0.774509)","(211, 329, 0.716191)","(243, 188, 0.586402)","(241, 257, 0.758948)","(240, 318, 0.775307)","(239, 87, 0.818069)","(0, 0, 0)","(226, 87, 0.811408)","(0, 0, 0)","(263, 331, 0.725217)","(261, 326, 0.674902)","(233, 325, 0.666127)","(234, 340, 0.409486)","(226, 341, 0.472976)","(207, 335, 0.652031)"
71,"(242, 89, 0.867674)","(225, 112, 0.78495)","(216, 111, 0.824764)","(257, 112, 0.869092)","(271, 75, 0.840097)","(235, 112, 0.573613)","(258, 116, 0.132234)","(0, 0, 0)","(234, 188, 0.673967)","(224, 188, 0.647048)","(219, 257, 0.797848)","(211, 328, 0.72176)","(244, 188, 0.581507)","(241, 256, 0.75142)","(239, 318, 0.78577)","(239, 83, 0.789271)","(0, 0, 0)","(226, 86, 0.800205)","(0, 0, 0)","(263, 331, 0.721525)","(260, 326, 0.679871)","(233, 325, 0.685625)","(235, 340, 0.447362)","(226, 341, 0.49334)","(207, 335, 0.671198)"
72,"(242, 88, 0.87743)","(224, 112, 0.781507)","(216, 111, 0.792124)","(257, 111, 0.915105)","(269, 74, 0.828811)","(234, 112, 0.578701)","(249, 154, 0.168026)","(263, 172, 0.106988)","(234, 188, 0.685459)","(224, 188, 0.638192)","(218, 257, 0.805508)","(211, 328, 0.73079)","(244, 188, 0.601336)","(241, 256, 0.750015)","(238, 317, 0.775854)","(239, 83, 0.793403)","(242, 82, 0.0721293)","(225, 87, 0.795052)","(0, 0, 0)","(260, 330, 0.705693)","(259, 326, 0.688114)","(233, 324, 0.67282)","(233, 340, 0.460496)","(225, 341, 0.50843)","(206, 334, 0.643413)"
73,"(242, 88, 0.894266)","(224, 112, 0.770546)","(213, 111, 0.784208)","(256, 111, 0.853891)","(267, 77, 0.729449)","(233, 112, 0.595542)","(257, 116, 0.408378)","(269, 77, 0.0656704)","(233, 189, 0.66614)","(223, 190, 0.614873)","(218, 257, 0.792895)","(211, 329, 0.732722)","(242, 189, 0.592207)","(240, 256, 0.759463)","(238, 318, 0.770448)","(238, 83, 0.79488)","(242, 82, 0.0622146)","(225, 86, 0.803658)","(0, 0, 0)","(260, 330, 0.701367)","(258, 326, 0.693999)","(233, 325, 0.694196)","(233, 340, 0.465296)","(225, 341, 0.498218)","(205, 335, 0.639199)"
74,"(242, 89, 0.873338)","(224, 113, 0.739624)","(214, 111, 0.767478)","(256, 116, 0.834609)","(268, 80, 0.833145)","(233, 112, 0.566067)","(256, 118, 0.218479)","(0, 0, 0)","(233, 190, 0.651773)","(222, 191, 0.600694)","(218, 257, 0.781779)","(211, 329, 0.736009)","(242, 189, 0.587669)","(241, 256, 0.764817)","(236, 318, 0.768181)","(238, 85, 0.796636)","(242, 83, 0.0911607)","(225, 86, 0.7997)","(0, 0, 0)","(259, 331, 0.704307)","(257, 326, 0.716645)","(232, 324, 0.685474)","(233, 340, 0.496921)","(225, 341, 0.543661)","(205, 335, 0.662416)"
75,"(242, 88, 0.870288)","(225, 113, 0.747711)","(214, 111, 0.763216)","(255, 119, 0.886771)","(271, 82, 0.857872)","(235, 112, 0.565522)","(252, 152, 0.0730598)","(0, 0, 0)","(233, 192, 0.639967)","(220, 193, 0.598164)","(218, 258, 0.791227)","(211, 329, 0.735241)","(242, 191, 0.577985)","(241, 256, 0.757041)","(235, 318, 0.781585)","(239, 83, 0.793175)","(242, 82, 0.116599)","(225, 87, 0.802384)","(0, 0, 0)","(258, 330, 0.712288)","(257, 326, 0.719629)","(231, 324, 0.653771)","(233, 341, 0.484528)","(225, 341, 0.514771)","(205, 335, 0.659019)"
76,"(242, 89, 0.843988)","(223, 112, 0.735154)","(212, 111, 0.780756)","(253, 123, 0.803988)","(272, 88, 0.868493)","(234, 112, 0.589013)","(255, 127, 0.0865536)","(0, 0, 0)","(232, 191, 0.621406)","(220, 192, 0.595234)","(218, 257, 0.775484)","(210, 330, 0.743085)","(242, 190, 0.584139)","(240, 257, 0.742328)","(235, 318, 0.788475)","(238, 86, 0.783315)","(242, 84, 0.179663)","(223, 87, 0.77961)","(0, 0, 0)","(258, 330, 0.708224)","(257, 326, 0.701139)","(230, 325, 0.65676)","(232, 341, 0.483972)","(224, 342, 0.517654)","(204, 336, 0.659985)"
77,"(241, 89, 0.848236)","(224, 112, 0.763302)","(212, 111, 0.794423)","(249, 127, 0.90387)","(277, 96, 0.855278)","(235, 112, 0.5889)","(248, 146, 0.173748)","(257, 165, 0.0662124)","(232, 189, 0.622001)","(221, 190, 0.586525)","(217, 258, 0.767247)","(210, 330, 0.745669)","(241, 189, 0.591299)","(240, 256, 0.740443)","(235, 318, 0.789287)","(237, 86, 0.779399)","(242, 85, 0.113007)","(223, 87, 0.784323)","(0, 0, 0)","(257, 331, 0.725629)","(256, 326, 0.706759)","(231, 325, 0.666957)","(230, 341, 0.49319)","(222, 342, 0.520837)","(203, 336, 0.677563)"
78,"(241, 90, 0.800259)","(225, 113, 0.773967)","(211, 112, 0.790504)","(248, 132, 0.84061)","(280, 105, 0.851676)","(236, 113, 0.596956)","(250, 146, 0.201075)","(264, 163, 0.0944623)","(232, 190, 0.616451)","(220, 191, 0.592766)","(217, 258, 0.758273)","(210, 329, 0.743361)","(241, 190, 0.588739)","(239, 257, 0.727399)","(234, 318, 0.799227)","(237, 87, 0.772971)","(241, 86, 0.0746735)","(224, 87, 0.794714)","(0, 0, 0)","(257, 331, 0.727098)","(256, 327, 0.702164)","(231, 325, 0.68726)","(229, 341, 0.526747)","(220, 341, 0.566466)","(203, 335, 0.691052)"
79,"(241, 89, 0.81294)","(222, 114, 0.734464)","(211, 112, 0.785506)","(246, 135, 0.818352)","(282, 116, 0.793293)","(234, 114, 0.642275)","(248, 144, 0.185309)","(263, 164, 0.103532)","(230, 191, 0.593547)","(220, 192, 0.579714)","(216, 258, 0.742955)","(210, 330, 0.738577)","(240, 190, 0.545467)","(238, 257, 0.718363)","(234, 318, 0.807877)","(237, 87, 0.775378)","(242, 85, 0.0835196)","(224, 87, 0.798735)","(0, 0, 0)","(257, 332, 0.761568)","(256, 327, 0.722777)","(228, 325, 0.68719)","(229, 341, 0.545547)","(220, 341, 0.582471)","(203, 335, 0.692965)"
80,"(241, 90, 0.81786)","(223, 113, 0.741097)","(211, 113, 0.780664)","(243, 140, 0.830749)","(282, 127, 0.827908)","(234, 112, 0.650773)","(239, 148, 0.160394)","(256, 172, 0.118835)","(229, 193, 0.617788)","(220, 194, 0.620071)","(216, 258, 0.736738)","(209, 330, 0.730889)","(239, 192, 0.552046)","(236, 257, 0.739115)","(234, 318, 0.807711)","(236, 87, 0.788673)","(242, 86, 0.0972277)","(224, 87, 0.816741)","(0, 0, 0)","(257, 332, 0.762764)","(257, 328, 0.699504)","(228, 325, 0.667575)","(227, 340, 0.590271)","(220, 341, 0.640946)","(202, 335, 0.698775)"
81,"(241, 89, 0.86042)","(225, 116, 0.805262)","(211, 115, 0.787113)","(238, 143, 0.815441)","(281, 140, 0.842381)","(240, 117, 0.709525)","(249, 154, 0.280663)","(259, 175, 0.140626)","(230, 191, 0.60477)","(219, 191, 0.606227)","(212, 259, 0.741782)","(207, 330, 0.707513)","(241, 191, 0.603562)","(235, 257, 0.769504)","(233, 319, 0.805854)","(236, 85, 0.789531)","(242, 85, 0.121306)","(222, 87, 0.781749)","(0, 0, 0)","(257, 333, 0.779891)","(257, 330, 0.707585)","(226, 325, 0.701603)","(227, 340, 0.590541)","(220, 341, 0.621214)","(201, 336, 0.714987)"
82,"(241, 89, 0.856142)","(225, 117, 0.8268)","(211, 116, 0.801847)","(235, 149, 0.88067)","(279, 150, 0.879428)","(240, 117, 0.733911)","(247, 157, 0.413246)","(263, 180, 0.358826)","(228, 192, 0.612914)","(218, 192, 0.614625)","(212, 260, 0.745279)","(205, 330, 0.707375)","(241, 192, 0.618383)","(235, 257, 0.772309)","(233, 320, 0.783614)","(236, 84, 0.777448)","(242, 83, 0.151098)","(223, 87, 0.772142)","(0, 0, 0)","(257, 333, 0.760398)","(256, 330, 0.691212)","(226, 326, 0.67672)","(226, 340, 0.56802)","(219, 341, 0.61906)","(201, 336, 0.69387)"
83,"(241, 89, 0.841956)","(225, 117, 0.772954)","(211, 118, 0.799685)","(232, 151, 0.824501)","(272, 159, 0.813742)","(238, 116, 0.638475)","(249, 165, 0.247182)","(271, 172, 0.252613)","(229, 193, 0.610916)","(219, 193, 0.622281)","(212, 261, 0.748302)","(204, 330, 0.705894)","(240, 194, 0.592671)","(235, 257, 0.7612)","(233, 321, 0.76805)","(235, 84, 0.776372)","(241, 84, 0.162697)","(223, 87, 0.766858)","(0, 0, 0)","(256, 333, 0.740275)","(256, 331, 0.697706)","(226, 326, 0.697408)","(225, 340, 0.502536)","(218, 341, 0.54448)","(200, 336, 0.651066)"
84,"(241, 89, 0.8376)","(225, 118, 0.826355)","(211, 118, 0.818182)","(228, 156, 0.840798)","(268, 166, 0.791171)","(238, 117, 0.697459)","(242, 153, 0.15527)","(263, 168, 0.141626)","(227, 193, 0.6205)","(219, 194, 0.63076)","(212, 260, 0.750015)","(204, 331, 0.709657)","(239, 193, 0.565348)","(235, 257, 0.76255)","(233, 323, 0.769456)","(236, 87, 0.783345)","(242, 85, 0.216439)","(224, 88, 0.763655)","(0, 0, 0)","(257, 334, 0.75265)","(256, 332, 0.73676)","(226, 327, 0.689476)","(225, 340, 0.485384)","(219, 341, 0.543297)","(200, 338, 0.64517)"
85,"(242, 90, 0.830655)","(225, 119, 0.822837)","(212, 119, 0.802898)","(222, 157, 0.822118)","(264, 172, 0.820802)","(237, 119, 0.711243)","(241, 157, 0.313335)","(264, 171, 0.360642)","(227, 196, 0.623565)","(218, 196, 0.624905)","(212, 262, 0.755875)","(204, 332, 0.720992)","(238, 196, 0.547206)","(235, 258, 0.749405)","(232, 324, 0.768969)","(236, 87, 0.827982)","(242, 86, 0.237273)","(223, 89, 0.78749)","(0, 0, 0)","(256, 334, 0.760527)","(256, 332, 0.731098)","(226, 327, 0.642378)","(225, 340, 0.45049)","(218, 341, 0.501267)","(199, 339, 0.648165)"
86,"(242, 90, 0.842224)","(226, 119, 0.847687)","(212, 120, 0.789024)","(219, 162, 0.835831)","(255, 173, 0.777436)","(240, 120, 0.771646)","(242, 157, 0.68359)","(264, 173, 0.816027)","(226, 197, 0.623288)","(218, 197, 0.622057)","(211, 263, 0.787762)","(204, 332, 0.72301)","(238, 197, 0.553405)","(234, 260, 0.743092)","(233, 324, 0.781905)","(236, 88, 0.848125)","(242, 87, 0.308669)","(222, 89, 0.771531)","(0, 0, 0)","(256, 334, 0.759479)","(255, 332, 0.716258)","(226, 328, 0.67037)","(225, 340, 0.464741)","(218, 341, 0.51947)","(200, 339, 0.648618)"
87,"(242, 91, 0.832337)","(226, 119, 0.859086)","(212, 120, 0.799999)","(215, 163, 0.824352)","(254, 176, 0.759997)","(240, 119, 0.776835)","(240, 159, 0.377409)","(261, 176, 0.524114)","(227, 197, 0.636283)","(218, 197, 0.636528)","(212, 263, 0.768761)","(205, 332, 0.71819)","(239, 197, 0.578025)","(234, 260, 0.738466)","(233, 324, 0.793173)","(236, 88, 0.839553)","(242, 87, 0.187856)","(223, 89, 0.781067)","(0, 0, 0)","(256, 334, 0.773912)","(255, 332, 0.748367)","(226, 328, 0.696459)","(226, 341, 0.461957)","(219, 342, 0.503815)","(201, 339, 0.665224)"
88,"(242, 90, 0.839555)","(226, 119, 0.8686)","(212, 119, 0.812745)","(211, 163, 0.881238)","(249, 175, 0.799271)","(241, 118, 0.79395)","(241, 158, 0.531578)","(257, 175, 0.583189)","(227, 196, 0.639428)","(218, 196, 0.638121)","(213, 263, 0.756871)","(206, 333, 0.712474)","(239, 196, 0.593113)","(234, 261, 0.744433)","(233, 323, 0.799041)","(237, 88, 0.833914)","(242, 87, 0.254322)","(224, 89, 0.778646)","(0, 0, 0)","(256, 334, 0.761847)","(256, 332, 0.75259)","(226, 327, 0.697237)","(226, 341, 0.449054)","(219, 342, 0.494663)","(201, 340, 0.669526)"
89,"(242, 89, 0.853364)","(226, 118, 0.844014)","(212, 119, 0.803698)","(210, 164, 0.908378)","(249, 177, 0.810864)","(241, 118, 0.751402)","(242, 155, 0.519711)","(258, 173, 0.601894)","(229, 196, 0.637469)","(218, 196, 0.645563)","(213, 263, 0.733254)","(207, 333, 0.713715)","(241, 197, 0.628163)","(235, 261, 0.736896)","(233, 323, 0.794029)","(237, 87, 0.796636)","(242, 85, 0.250961)","(224, 88, 0.797285)","(0, 0, 0)","(257, 334, 0.745362)","(256, 332, 0.743014)","(226, 327, 0.69103)","(227, 341, 0.482075)","(220, 342, 0.515862)","(202, 340, 0.682644)"
90,"(242, 89, 0.780038)","(226, 119, 0.844512)","(214, 119, 0.79492)","(210, 164, 0.914684)","(249, 178, 0.854016)","(241, 119, 0.764108)","(241, 157, 0.414319)","(260, 175, 0.371991)","(228, 196, 0.640625)","(218, 197, 0.633828)","(214, 263, 0.74107)","(207, 333, 0.710966)","(240, 197, 0.623245)","(235, 262, 0.74787)","(233, 324, 0.818248)","(239, 87, 0.76522)","(242, 86, 0.34748)","(224, 89, 0.701952)","(0, 0, 0)","(257, 335, 0.764622)","(256, 332, 0.76594)","(227, 329, 0.648263)","(227, 340, 0.463493)","(220, 342, 0.497293)","(202, 340, 0.668845)"
91,"(243, 90, 0.787119)","(228, 119, 0.822947)","(215, 119, 0.778211)","(210, 164, 0.917354)","(249, 178, 0.858286)","(242, 119, 0.775398)","(241, 157, 0.658744)","(260, 172, 0.485156)","(229, 196, 0.653877)","(219, 196, 0.646487)","(214, 264, 0.758247)","(207, 333, 0.718934)","(241, 196, 0.653683)","(235, 263, 0.737905)","(233, 325, 0.832256)","(240, 87, 0.855049)","(243, 87, 0.382525)","(224, 89, 0.745165)","(0, 0, 0)","(256, 336, 0.758188)","(256, 332, 0.762885)","(226, 330, 0.644801)","(224, 341, 0.442609)","(217, 342, 0.496489)","(202, 340, 0.649139)"
92,"(246, 90, 0.777663)","(230, 119, 0.801269)","(217, 120, 0.778148)","(210, 164, 0.92681)","(250, 178, 0.841545)","(242, 119, 0.758234)","(241, 159, 0.621766)","(265, 165, 0.537248)","(231, 196, 0.653611)","(219, 196, 0.652716)","(215, 264, 0.756725)","(209, 333, 0.747737)","(242, 197, 0.641139)","(236, 264, 0.742999)","(234, 325, 0.817662)","(241, 88, 0.855913)","(246, 87, 0.389492)","(225, 89, 0.761638)","(0, 0, 0)","(257, 337, 0.742453)","(257, 333, 0.743062)","(229, 331, 0.630355)","(224, 340, 0.390311)","(218, 341, 0.425192)","(203, 339, 0.619141)"
93,"(248, 89, 0.820523)","(232, 119, 0.82135)","(218, 120, 0.79535)","(211, 164, 0.915518)","(250, 177, 0.826607)","(247, 119, 0.759199)","(242, 157, 0.581689)","(262, 171, 0.555027)","(233, 196, 0.677165)","(220, 196, 0.636418)","(217, 264, 0.80193)","(210, 333, 0.744352)","(242, 197, 0.624683)","(240, 264, 0.75881)","(235, 325, 0.782841)","(241, 87, 0.812047)","(248, 86, 0.447658)","(226, 89, 0.751896)","(0, 0, 0)","(259, 337, 0.729597)","(258, 333, 0.724862)","(230, 330, 0.630685)","(224, 340, 0.283202)","(218, 342, 0.279197)","(205, 339, 0.565314)"
94,"(249, 90, 0.831745)","(233, 119, 0.850677)","(219, 120, 0.799491)","(211, 164, 0.900176)","(251, 174, 0.825933)","(247, 119, 0.772424)","(242, 154, 0.55252)","(262, 167, 0.541436)","(233, 196, 0.679891)","(221, 197, 0.612161)","(218, 264, 0.823588)","(210, 333, 0.745671)","(243, 196, 0.606473)","(241, 262, 0.751238)","(237, 325, 0.758731)","(243, 87, 0.832567)","(249, 86, 0.195951)","(231, 89, 0.749964)","(0, 0, 0)","(261, 337, 0.711437)","(260, 332, 0.705729)","(232, 330, 0.651585)","(226, 340, 0.348193)","(220, 342, 0.373425)","(205, 340, 0.596461)"
95,"(249, 90, 0.828795)","(234, 119, 0.840096)","(220, 120, 0.792999)","(212, 164, 0.871788)","(252, 171, 0.839706)","(247, 119, 0.739968)","(246, 156, 0.382604)","(266, 166, 0.405825)","(234, 197, 0.645119)","(223, 198, 0.596076)","(219, 264, 0.80306)","(211, 333, 0.766568)","(245, 197, 0.564562)","(241, 263, 0.760867)","(240, 326, 0.798339)","(245, 87, 0.836844)","(250, 86, 0.172428)","(232, 89, 0.812985)","(0, 0, 0)","(263, 338, 0.760354)","(262, 333, 0.735026)","(233, 331, 0.676125)","(227, 340, 0.449818)","(222, 341, 0.492472)","(206, 339, 0.62839)"
96,"(252, 90, 0.769067)","(234, 119, 0.836102)","(221, 119, 0.77959)","(213, 164, 0.843848)","(255, 165, 0.867508)","(248, 119, 0.747442)","(252, 152, 0.304798)","(272, 164, 0.452535)","(234, 197, 0.639209)","(221, 197, 0.59681)","(219, 264, 0.809768)","(211, 332, 0.736615)","(246, 197, 0.564131)","(242, 261, 0.751923)","(240, 325, 0.79235)","(247, 87, 0.850372)","(252, 87, 0.180331)","(232, 89, 0.799194)","(0, 0, 0)","(263, 336, 0.731272)","(263, 332, 0.708255)","(233, 329, 0.663898)","(231, 340, 0.346542)","(225, 341, 0.401662)","(208, 339, 0.621514)"
97,"(253, 88, 0.864371)","(235, 118, 0.82247)","(223, 119, 0.802672)","(213, 164, 0.830631)","(254, 159, 0.807479)","(249, 118, 0.754207)","(255, 148, 0.272568)","(276, 155, 0.43677)","(234, 195, 0.643928)","(224, 196, 0.62669)","(219, 263, 0.791386)","(214, 332, 0.700234)","(247, 195, 0.587369)","(242, 259, 0.734072)","(241, 323, 0.782994)","(248, 83, 0.853722)","(254, 82, 0.192596)","(233, 88, 0.804439)","(0, 0, 0)","(264, 334, 0.741764)","(264, 332, 0.722785)","(234, 328, 0.630031)","(235, 340, 0.401968)","(227, 342, 0.451337)","(209, 340, 0.658395)"
98,"(254, 88, 0.826265)","(240, 117, 0.793885)","(225, 118, 0.81293)","(215, 161, 0.808506)","(253, 154, 0.784871)","(253, 114, 0.706646)","(258, 142, 0.310888)","(276, 149, 0.524966)","(237, 194, 0.599431)","(225, 194, 0.611494)","(220, 263, 0.749357)","(217, 332, 0.745876)","(248, 194, 0.597019)","(243, 260, 0.710665)","(242, 322, 0.769565)","(248, 83, 0.834493)","(255, 82, 0.299607)","(235, 87, 0.770243)","(0, 0, 0)","(265, 333, 0.705032)","(265, 331, 0.678035)","(239, 327, 0.606217)","(238, 340, 0.506345)","(231, 341, 0.539812)","(211, 340, 0.713343)"
99,"(255, 88, 0.833122)","(238, 117, 0.77382)","(225, 118, 0.832724)","(217, 159, 0.829593)","(256, 148, 0.834495)","(250, 116, 0.701307)","(252, 154, 0.201147)","(272, 146, 0.318132)","(239, 190, 0.616496)","(226, 190, 0.612202)","(224, 260, 0.748537)","(218, 332, 0.752552)","(249, 191, 0.601794)","(247, 257, 0.738766)","(242, 321, 0.743839)","(249, 82, 0.846248)","(256, 82, 0.124254)","(236, 87, 0.786609)","(0, 0, 0)","(266, 334, 0.689245)","(266, 331, 0.672609)","(239, 326, 0.623831)","(239, 340, 0.506517)","(233, 341, 0.552706)","(211, 339, 0.660694)"
100,"(256, 87, 0.816495)","(239, 114, 0.75319)","(225, 118, 0.814941)","(218, 158, 0.87906)","(256, 142, 0.841605)","(250, 111, 0.690695)","(248, 156, 0.233987)","(269, 142, 0.409146)","(241, 189, 0.636024)","(228, 189, 0.588021)","(225, 260, 0.772268)","(219, 332, 0.734657)","(250, 189, 0.590912)","(248, 258, 0.761567)","(245, 320, 0.711572)","(249, 81, 0.859009)","(256, 80, 0.138576)","(237, 86, 0.746735)","(0, 0, 0)","(269, 333, 0.698274)","(269, 331, 0.653183)","(241, 326, 0.638714)","(240, 340, 0.47012)","(233, 341, 0.53047)","(213, 339, 0.613325)"
101,"(256, 85, 0.837882)","(241, 113, 0.787727)","(226, 117, 0.801834)","(220, 158, 0.832317)","(255, 138, 0.794727)","(252, 111, 0.719359)","(256, 155, 0.49587)","(265, 139, 0.601067)","(241, 189, 0.655089)","(231, 189, 0.600276)","(226, 260, 0.768115)","(219, 331, 0.715591)","(250, 189, 0.588756)","(248, 258, 0.75716)","(246, 320, 0.736345)","(250, 80, 0.900759)","(256, 79, 0.137522)","(238, 85, 0.758083)","(0, 0, 0)","(270, 333, 0.75835)","(270, 330, 0.686775)","(241, 326, 0.679386)","(241, 341, 0.438969)","(234, 341, 0.481787)","(215, 338, 0.61913)"
102,"(256, 85, 0.832028)","(241, 112, 0.789836)","(226, 117, 0.78967)","(224, 157, 0.885234)","(254, 138, 0.757944)","(251, 111, 0.715592)","(275, 119, 0.0723518)","(0, 0, 0)","(241, 189, 0.624692)","(231, 189, 0.584683)","(226, 257, 0.775717)","(220, 330, 0.679943)","(251, 189, 0.548543)","(249, 257, 0.778278)","(248, 320, 0.754768)","(250, 80, 0.893445)","(257, 79, 0.161697)","(239, 84, 0.756605)","(0, 0, 0)","(271, 332, 0.756298)","(271, 330, 0.682735)","(241, 326, 0.673789)","(241, 340, 0.392064)","(234, 341, 0.432675)","(216, 337, 0.572371)"
103,"(257, 84, 0.824401)","(240, 113, 0.746469)","(227, 118, 0.782017)","(226, 157, 0.901651)","(257, 135, 0.847869)","(250, 111, 0.66443)","(263, 157, 0.511384)","(270, 133, 0.488569)","(242, 190, 0.60763)","(233, 190, 0.588901)","(227, 258, 0.760032)","(222, 330, 0.686381)","(251, 190, 0.544985)","(250, 257, 0.750642)","(249, 318, 0.804929)","(251, 80, 0.851938)","(257, 79, 0.167641)","(241, 82, 0.811443)","(0, 0, 0)","(272, 332, 0.761831)","(272, 329, 0.689186)","(242, 325, 0.665193)","(243, 341, 0.466181)","(236, 342, 0.491349)","(218, 337, 0.629444)"
104,"(256, 84, 0.829859)","(238, 113, 0.740612)","(229, 117, 0.767939)","(230, 157, 0.810147)","(257, 134, 0.83605)","(246, 111, 0.693192)","(275, 127, 0.119692)","(279, 111, 0.621584)","(242, 189, 0.587665)","(234, 190, 0.572126)","(231, 257, 0.746023)","(224, 329, 0.704127)","(251, 189, 0.521926)","(252, 256, 0.705027)","(249, 318, 0.811576)","(251, 80, 0.867602)","(257, 80, 0.131992)","(241, 82, 0.82998)","(0, 0, 0)","(272, 332, 0.777708)","(272, 327, 0.724071)","(244, 325, 0.627871)","(243, 340, 0.360744)","(236, 341, 0.386233)","(218, 335, 0.604028)"
105,"(256, 83, 0.813734)","(240, 113, 0.742964)","(228, 117, 0.743963)","(233, 157, 0.909746)","(261, 133, 0.814544)","(249, 111, 0.687027)","(271, 156, 0.703633)","(275, 127, 0.635897)","(242, 189, 0.58108)","(235, 190, 0.55757)","(232, 258, 0.745762)","(225, 328, 0.735235)","(252, 189, 0.532892)","(255, 256, 0.735515)","(250, 318, 0.773475)","(250, 80, 0.847255)","(0, 0, 0)","(241, 82, 0.843014)","(0, 0, 0)","(273, 331, 0.735214)","(272, 326, 0.726862)","(247, 325, 0.668484)","(244, 340, 0.421395)","(237, 341, 0.456777)","(219, 335, 0.611749)"
106,"(257, 81, 0.865606)","(242, 112, 0.81382)","(233, 114, 0.783951)","(236, 157, 0.860155)","(262, 132, 0.791241)","(251, 111, 0.713221)","(277, 154, 0.714326)","(276, 125, 0.591484)","(247, 188, 0.615109)","(239, 189, 0.572603)","(233, 257, 0.77502)","(225, 328, 0.744665)","(256, 188, 0.576855)","(256, 256, 0.749512)","(252, 318, 0.762464)","(251, 78, 0.794181)","(257, 77, 0.146448)","(240, 81, 0.812791)","(0, 0, 0)","(273, 330, 0.725749)","(272, 326, 0.738104)","(247, 324, 0.668915)","(247, 340, 0.495472)","(241, 341, 0.526625)","(220, 334, 0.59378)"
107,"(257, 81, 0.849579)","(242, 112, 0.78908)","(234, 113, 0.799756)","(241, 156, 0.903699)","(265, 128, 0.809928)","(253, 111, 0.685383)","(280, 154, 0.754946)","(279, 122, 0.39565)","(247, 189, 0.610665)","(239, 190, 0.58273)","(234, 258, 0.786272)","(226, 327, 0.742003)","(256, 189, 0.561438)","(256, 255, 0.748843)","(253, 318, 0.78218)","(253, 76, 0.788414)","(257, 77, 0.0884222)","(241, 80, 0.860276)","(0, 0, 0)","(276, 330, 0.722313)","(274, 326, 0.699645)","(248, 324, 0.679953)","(249, 340, 0.464439)","(242, 341, 0.509236)","(221, 334, 0.588623)"
108,"(257, 80, 0.872878)","(247, 111, 0.791533)","(234, 113, 0.774793)","(248, 154, 0.819257)","(271, 126, 0.858404)","(258, 110, 0.704646)","(286, 150, 0.850743)","(287, 120, 0.69107)","(248, 188, 0.637555)","(240, 189, 0.603787)","(234, 258, 0.789898)","(226, 326, 0.737272)","(257, 188, 0.581613)","(257, 255, 0.745693)","(255, 318, 0.8031)","(250, 76, 0.800428)","(257, 75, 0.192707)","(241, 81, 0.814828)","(0, 0, 0)","(277, 330, 0.722463)","(275, 326, 0.70514)","(248, 323, 0.685158)","(249, 339, 0.456351)","(241, 340, 0.493499)","(222, 333, 0.608351)"
109,"(257, 80, 0.847652)","(248, 111, 0.821176)","(236, 111, 0.767501)","(257, 149, 0.910212)","(278, 119, 0.823413)","(258, 111, 0.713727)","(292, 146, 0.767233)","(293, 116, 0.710354)","(249, 188, 0.655661)","(240, 188, 0.631492)","(234, 257, 0.783958)","(227, 325, 0.730048)","(258, 188, 0.586224)","(257, 254, 0.727897)","(255, 317, 0.806777)","(253, 75, 0.773828)","(0, 0, 0)","(242, 80, 0.886657)","(0, 0, 0)","(278, 329, 0.728861)","(277, 326, 0.699979)","(249, 323, 0.663554)","(249, 339, 0.494058)","(242, 340, 0.531768)","(222, 332, 0.601168)"
110,"(258, 82, 0.785995)","(249, 111, 0.833252)","(239, 111, 0.790303)","(265, 142, 0.88064)","(286, 116, 0.829713)","(259, 111, 0.692086)","(296, 141, 0.819939)","(303, 108, 0.699607)","(249, 189, 0.638436)","(241, 189, 0.624498)","(235, 257, 0.774061)","(228, 326, 0.718741)","(258, 189, 0.570793)","(257, 256, 0.75816)","(256, 317, 0.820601)","(254, 78, 0.79979)","(258, 79, 0.0630961)","(241, 80, 0.880398)","(0, 0, 0)","(279, 329, 0.735379)","(278, 326, 0.716219)","(249, 322, 0.689349)","(250, 339, 0.474984)","(242, 341, 0.514307)","(224, 333, 0.606271)"
111,"(257, 80, 0.832862)","(249, 110, 0.823806)","(239, 110, 0.784576)","(274, 133, 0.888826)","(301, 104, 0.839268)","(261, 108, 0.685194)","(303, 133, 0.847876)","(312, 99, 0.617863)","(249, 188, 0.648235)","(241, 188, 0.632149)","(235, 257, 0.774113)","(227, 326, 0.720957)","(259, 188, 0.576652)","(257, 254, 0.74202)","(256, 317, 0.807533)","(253, 76, 0.765552)","(258, 74, 0.106972)","(242, 80, 0.82121)","(0, 0, 0)","(278, 329, 0.735634)","(278, 325, 0.72341)","(249, 321, 0.683738)","(250, 338, 0.464365)","(242, 340, 0.505603)","(224, 333, 0.612769)"
112,"(256, 81, 0.840404)","(247, 110, 0.734083)","(241, 109, 0.772744)","(280, 126, 0.89391)","(309, 94, 0.820764)","(252, 110, 0.548993)","(303, 127, 0.772986)","(318, 96, 0.542422)","(249, 187, 0.629734)","(241, 188, 0.618097)","(235, 257, 0.775112)","(228, 326, 0.710479)","(259, 188, 0.56091)","(257, 255, 0.752773)","(256, 317, 0.800102)","(251, 77, 0.781533)","(0, 0, 0)","(241, 80, 0.867459)","(0, 0, 0)","(279, 329, 0.730366)","(278, 326, 0.713169)","(249, 321, 0.66051)","(251, 340, 0.48801)","(242, 341, 0.538567)","(224, 333, 0.641535)"
113,"(256, 81, 0.846587)","(248, 110, 0.782668)","(241, 110, 0.795296)","(286, 112, 0.785165)","(317, 88, 0.871187)","(256, 110, 0.564458)","(303, 119, 0.803588)","(332, 95, 0.798516)","(249, 188, 0.646692)","(241, 188, 0.627655)","(235, 257, 0.786992)","(228, 326, 0.71012)","(259, 188, 0.57591)","(257, 255, 0.768249)","(256, 317, 0.806779)","(250, 77, 0.796672)","(0, 0, 0)","(241, 80, 0.832501)","(0, 0, 0)","(279, 329, 0.741462)","(278, 326, 0.720552)","(249, 321, 0.680256)","(251, 340, 0.470157)","(242, 341, 0.501559)","(224, 333, 0.642406)"
114,"(257, 81, 0.84743)","(249, 110, 0.804102)","(241, 107, 0.790584)","(283, 105, 0.76933)","(320, 83, 0.777441)","(259, 110, 0.561775)","(305, 115, 0.740911)","(333, 95, 0.855115)","(249, 188, 0.652111)","(240, 188, 0.621485)","(234, 257, 0.798405)","(227, 326, 0.718667)","(259, 188, 0.578644)","(257, 255, 0.764221)","(256, 316, 0.795025)","(252, 76, 0.77417)","(259, 75, 0.100511)","(241, 81, 0.83432)","(0, 0, 0)","(279, 330, 0.729987)","(278, 326, 0.703878)","(249, 321, 0.677645)","(249, 339, 0.480801)","(242, 340, 0.520847)","(224, 333, 0.637026)"
115,"(257, 81, 0.79745)","(249, 110, 0.817259)","(241, 107, 0.781232)","(282, 103, 0.78433)","(324, 80, 0.851496)","(258, 110, 0.566858)","(303, 114, 0.764192)","(335, 94, 0.805718)","(248, 189, 0.659618)","(239, 189, 0.618222)","(234, 257, 0.812794)","(227, 326, 0.731728)","(258, 189, 0.590331)","(257, 255, 0.766921)","(256, 317, 0.800383)","(251, 78, 0.748613)","(258, 77, 0.0751486)","(241, 80, 0.844043)","(0, 0, 0)","(279, 330, 0.733125)","(278, 326, 0.70668)","(249, 323, 0.672357)","(249, 339, 0.459336)","(242, 340, 0.502396)","(223, 332, 0.649067)"
116,"(257, 82, 0.751739)","(249, 110, 0.832445)","(240, 107, 0.781292)","(283, 102, 0.735381)","(323, 80, 0.834752)","(261, 111, 0.57795)","(302, 117, 0.802751)","(334, 95, 0.838849)","(248, 188, 0.651214)","(239, 189, 0.611123)","(234, 257, 0.820131)","(227, 326, 0.73645)","(259, 188, 0.580835)","(257, 254, 0.760763)","(256, 317, 0.797201)","(253, 78, 0.732717)","(261, 78, 0.089027)","(242, 80, 0.847718)","(0, 0, 0)","(279, 330, 0.713032)","(278, 326, 0.686083)","(249, 321, 0.667027)","(249, 338, 0.475963)","(242, 340, 0.512058)","(224, 332, 0.670639)"
117,"(257, 81, 0.783708)","(248, 110, 0.82017)","(240, 108, 0.768819)","(282, 103, 0.834539)","(319, 81, 0.838884)","(258, 111, 0.561897)","(302, 119, 0.80691)","(333, 96, 0.875791)","(248, 189, 0.646417)","(239, 189, 0.605961)","(234, 257, 0.817813)","(227, 326, 0.741396)","(257, 189, 0.593821)","(256, 253, 0.746581)","(255, 317, 0.792256)","(253, 76, 0.741796)","(259, 76, 0.0756161)","(241, 80, 0.838445)","(0, 0, 0)","(278, 330, 0.698025)","(277, 326, 0.665414)","(249, 321, 0.662865)","(249, 338, 0.475791)","(242, 340, 0.51483)","(224, 332, 0.667155)"
118,"(257, 82, 0.8298)","(248, 111, 0.825414)","(238, 109, 0.766081)","(283, 105, 0.795134)","(319, 82, 0.819225)","(260, 113, 0.559035)","(305, 120, 0.787532)","(333, 96, 0.880351)","(248, 190, 0.636101)","(238, 190, 0.591358)","(234, 256, 0.812887)","(226, 325, 0.755597)","(257, 189, 0.593436)","(257, 251, 0.755468)","(255, 316, 0.783033)","(252, 78, 0.790464)","(258, 79, 0.0914739)","(241, 80, 0.836401)","(0, 0, 0)","(278, 329, 0.695675)","(276, 325, 0.661645)","(248, 320, 0.691102)","(247, 335, 0.471091)","(241, 339, 0.492356)","(223, 332, 0.671115)"
119,"(257, 82, 0.846508)","(247, 111, 0.811487)","(238, 110, 0.776245)","(280, 111, 0.874422)","(317, 87, 0.863999)","(256, 112, 0.574001)","(302, 126, 0.823342)","(327, 103, 0.854603)","(248, 190, 0.630039)","(239, 190, 0.592923)","(234, 256, 0.808451)","(226, 325, 0.757696)","(257, 189, 0.587518)","(256, 252, 0.746915)","(255, 317, 0.785762)","(253, 78, 0.800819)","(0, 0, 0)","(241, 80, 0.850712)","(0, 0, 0)","(278, 329, 0.708793)","(276, 325, 0.677155)","(248, 321, 0.696046)","(248, 337, 0.451104)","(241, 339, 0.482288)","(223, 332, 0.659576)"
120,"(256, 81, 0.876462)","(242, 110, 0.778465)","(238, 110, 0.773968)","(279, 119, 0.918072)","(314, 92, 0.783287)","(249, 110, 0.57387)","(295, 132, 0.707788)","(326, 109, 0.826124)","(248, 188, 0.630944)","(241, 188, 0.600412)","(234, 256, 0.796479)","(226, 326, 0.736824)","(256, 188, 0.570773)","(257, 249, 0.77791)","(255, 317, 0.789361)","(252, 76, 0.801582)","(0, 0, 0)","(241, 80, 0.855779)","(0, 0, 0)","(278, 329, 0.718402)","(277, 326, 0.678977)","(248, 321, 0.679726)","(248, 339, 0.440545)","(241, 340, 0.481564)","(222, 332, 0.628936)"
121,"(257, 81, 0.888908)","(242, 110, 0.771835)","(239, 110, 0.792437)","(274, 127, 0.890792)","(310, 100, 0.842114)","(245, 110, 0.552228)","(289, 138, 0.687146)","(323, 111, 0.813576)","(248, 189, 0.611787)","(241, 189, 0.583777)","(234, 257, 0.801247)","(226, 325, 0.760765)","(256, 188, 0.546411)","(256, 251, 0.740909)","(254, 316, 0.763839)","(253, 75, 0.800996)","(0, 0, 0)","(241, 81, 0.879963)","(0, 0, 0)","(276, 328, 0.682182)","(275, 325, 0.656878)","(248, 319, 0.738463)","(249, 337, 0.478488)","(242, 339, 0.505718)","(222, 331, 0.638757)"
122,"(258, 80, 0.862492)","(242, 110, 0.739066)","(237, 110, 0.771394)","(273, 133, 0.887725)","(308, 108, 0.795712)","(249, 109, 0.537177)","(284, 141, 0.743326)","(317, 119, 0.861063)","(248, 188, 0.622669)","(241, 188, 0.606237)","(234, 257, 0.805166)","(226, 325, 0.769804)","(256, 188, 0.550425)","(256, 251, 0.734381)","(254, 316, 0.76034)","(255, 74, 0.84547)","(0, 0, 0)","(241, 80, 0.867934)","(0, 0, 0)","(277, 328, 0.682953)","(276, 325, 0.641984)","(248, 319, 0.716794)","(249, 336, 0.443858)","(242, 339, 0.466829)","(222, 331, 0.622647)"
123,"(257, 81, 0.862972)","(242, 110, 0.769926)","(235, 111, 0.79495)","(268, 141, 0.860653)","(303, 118, 0.895885)","(250, 110, 0.564577)","(282, 148, 0.782675)","(311, 126, 0.822894)","(248, 190, 0.638217)","(241, 190, 0.620758)","(234, 256, 0.800945)","(226, 325, 0.773517)","(256, 189, 0.572213)","(256, 254, 0.738178)","(254, 316, 0.761556)","(255, 76, 0.809384)","(0, 0, 0)","(242, 80, 0.87137)","(0, 0, 0)","(277, 328, 0.685385)","(276, 325, 0.640822)","(248, 320, 0.708552)","(247, 334, 0.480747)","(241, 337, 0.496157)","(222, 331, 0.640517)"
124,"(257, 81, 0.877438)","(243, 111, 0.754775)","(235, 111, 0.789788)","(263, 148, 0.832514)","(296, 131, 0.803687)","(253, 110, 0.619212)","(275, 152, 0.724505)","(304, 136, 0.753775)","(247, 188, 0.634763)","(240, 188, 0.615584)","(234, 256, 0.800893)","(226, 325, 0.773627)","(255, 188, 0.577625)","(256, 255, 0.736415)","(254, 316, 0.763272)","(255, 77, 0.812037)","(0, 0, 0)","(242, 80, 0.872051)","(0, 0, 0)","(276, 329, 0.689491)","(276, 325, 0.667868)","(248, 321, 0.698528)","(248, 335, 0.505428)","(241, 338, 0.522458)","(221, 331, 0.643812)"
125,"(257, 82, 0.834407)","(242, 111, 0.760707)","(235, 111, 0.793132)","(255, 151, 0.822217)","(294, 143, 0.774528)","(250, 111, 0.658)","(271, 156, 0.60814)","(299, 143, 0.549027)","(247, 189, 0.617367)","(240, 188, 0.604463)","(234, 257, 0.801214)","(226, 327, 0.745009)","(255, 189, 0.565771)","(256, 254, 0.717634)","(254, 317, 0.749572)","(254, 79, 0.82017)","(0, 0, 0)","(241, 81, 0.864167)","(0, 0, 0)","(276, 330, 0.68295)","(276, 326, 0.664048)","(248, 323, 0.616898)","(248, 338, 0.546068)","(241, 340, 0.588726)","(220, 333, 0.630341)"
126,"(259, 82, 0.799489)","(241, 111, 0.716552)","(235, 112, 0.778075)","(251, 156, 0.867632)","(291, 150, 0.824006)","(248, 110, 0.560822)","(269, 128, 0.105614)","(263, 104, 0.184832)","(246, 188, 0.587371)","(240, 188, 0.59019)","(234, 257, 0.798427)","(226, 327, 0.744951)","(253, 188, 0.516555)","(256, 255, 0.723434)","(253, 317, 0.765369)","(256, 79, 0.851395)","(259, 78, 0.0549767)","(242, 82, 0.830027)","(0, 0, 0)","(276, 330, 0.70557)","(274, 326, 0.672128)","(248, 324, 0.65041)","(248, 339, 0.492647)","(241, 340, 0.541239)","(220, 334, 0.624952)"
127,"(259, 83, 0.781721)","(242, 111, 0.748068)","(234, 113, 0.783111)","(248, 157, 0.888986)","(287, 159, 0.838616)","(253, 110, 0.623563)","(260, 153, 0.147496)","(279, 153, 0.143111)","(246, 187, 0.603864)","(239, 187, 0.599268)","(234, 258, 0.78093)","(226, 328, 0.74443)","(253, 186, 0.537308)","(256, 255, 0.719176)","(254, 318, 0.774715)","(255, 80, 0.85866)","(258, 79, 0.0803266)","(242, 82, 0.821126)","(0, 0, 0)","(276, 331, 0.733938)","(274, 326, 0.696165)","(248, 325, 0.697949)","(248, 340, 0.450868)","(242, 341, 0.489692)","(220, 335, 0.632246)"
128,"(259, 84, 0.769686)","(243, 112, 0.728438)","(234, 114, 0.787471)","(243, 161, 0.795414)","(285, 171, 0.852019)","(256, 111, 0.670443)","(257, 152, 0.119269)","(280, 164, 0.0659582)","(247, 189, 0.618872)","(239, 189, 0.608952)","(233, 260, 0.770882)","(226, 329, 0.735413)","(256, 188, 0.565923)","(256, 256, 0.731043)","(252, 318, 0.754507)","(256, 80, 0.891972)","(258, 80, 0.0794533)","(242, 83, 0.811769)","(0, 0, 0)","(275, 331, 0.700101)","(273, 326, 0.674611)","(247, 325, 0.665041)","(249, 340, 0.453685)","(242, 341, 0.474359)","(220, 335, 0.633847)"
129,"(259, 87, 0.793529)","(243, 113, 0.738934)","(234, 115, 0.787586)","(240, 161, 0.790431)","(279, 177, 0.768419)","(255, 112, 0.677166)","(256, 156, 0.513143)","(281, 175, 0.498878)","(246, 191, 0.609221)","(238, 192, 0.588338)","(233, 260, 0.766819)","(226, 330, 0.743014)","(255, 190, 0.574019)","(256, 256, 0.741716)","(251, 318, 0.751433)","(256, 80, 0.919458)","(0, 0, 0)","(242, 83, 0.827609)","(0, 0, 0)","(275, 331, 0.691495)","(273, 326, 0.673411)","(247, 325, 0.676446)","(247, 340, 0.492616)","(241, 341, 0.540036)","(220, 336, 0.656682)"
130,"(260, 88, 0.804597)","(243, 115, 0.734411)","(234, 116, 0.792754)","(237, 162, 0.753204)","(271, 181, 0.769898)","(256, 114, 0.686071)","(256, 159, 0.37999)","(278, 180, 0.650474)","(247, 191, 0.637173)","(239, 191, 0.608066)","(233, 260, 0.773462)","(225, 329, 0.747592)","(255, 190, 0.620381)","(256, 257, 0.754757)","(252, 319, 0.736208)","(256, 81, 0.922648)","(261, 81, 0.0748604)","(241, 83, 0.830198)","(0, 0, 0)","(275, 332, 0.691777)","(273, 327, 0.672695)","(248, 326, 0.687328)","(246, 340, 0.473705)","(240, 341, 0.521045)","(220, 335, 0.671118)"
131,"(261, 88, 0.814692)","(244, 114, 0.73749)","(233, 118, 0.80069)","(234, 159, 0.801904)","(266, 187, 0.786206)","(257, 111, 0.744389)","(257, 157, 0.417872)","(272, 185, 0.549465)","(246, 195, 0.63874)","(237, 195, 0.602957)","(233, 262, 0.783578)","(225, 331, 0.75288)","(255, 195, 0.628901)","(256, 257, 0.754944)","(250, 318, 0.753249)","(256, 81, 0.902231)","(262, 81, 0.109655)","(241, 85, 0.810477)","(0, 0, 0)","(275, 333, 0.679228)","(273, 329, 0.635589)","(247, 326, 0.680136)","(247, 341, 0.527659)","(241, 341, 0.575434)","(220, 338, 0.697592)"
132,"(258, 88, 0.815817)","(244, 116, 0.748395)","(233, 117, 0.789645)","(234, 162, 0.804673)","(264, 195, 0.884248)","(257, 114, 0.732031)","(260, 163, 0.473024)","(272, 192, 0.642525)","(246, 196, 0.648775)","(236, 196, 0.633682)","(233, 263, 0.794654)","(225, 331, 0.750205)","(256, 196, 0.613385)","(256, 258, 0.750935)","(250, 320, 0.7356)","(255, 82, 0.825183)","(261, 83, 0.224705)","(241, 86, 0.79731)","(0, 0, 0)","(274, 333, 0.69101)","(274, 330, 0.655112)","(247, 326, 0.640244)","(247, 340, 0.49756)","(240, 341, 0.546559)","(219, 338, 0.698629)"
133,"(258, 88, 0.854616)","(242, 116, 0.749373)","(233, 118, 0.824429)","(234, 159, 0.800672)","(254, 194, 0.668637)","(256, 113, 0.687873)","(260, 160, 0.171856)","(269, 198, 0.285078)","(242, 195, 0.619577)","(234, 195, 0.633922)","(233, 263, 0.815234)","(225, 331, 0.760021)","(253, 196, 0.540219)","(255, 257, 0.748854)","(250, 323, 0.734254)","(255, 82, 0.837227)","(259, 82, 0.0916026)","(241, 88, 0.844162)","(0, 0, 0)","(274, 334, 0.682361)","(274, 331, 0.665524)","(247, 327, 0.634068)","(243, 340, 0.499099)","(238, 341, 0.547928)","(219, 338, 0.686705)"
134,"(258, 89, 0.858154)","(242, 117, 0.775638)","(233, 118, 0.832543)","(234, 159, 0.793939)","(250, 196, 0.787884)","(256, 113, 0.697244)","(263, 151, 0.0624874)","(0, 0, 0)","(245, 195, 0.599997)","(234, 196, 0.630853)","(233, 263, 0.804216)","(225, 330, 0.755603)","(256, 195, 0.563099)","(255, 259, 0.711253)","(251, 323, 0.733592)","(255, 85, 0.820796)","(258, 85, 0.105581)","(241, 88, 0.848251)","(0, 0, 0)","(274, 334, 0.64512)","(274, 332, 0.637775)","(247, 327, 0.624974)","(242, 339, 0.4141)","(235, 341, 0.451072)","(220, 336, 0.651374)"
135,"(258, 89, 0.803744)","(243, 118, 0.778843)","(233, 119, 0.825121)","(234, 162, 0.802348)","(248, 197, 0.775734)","(256, 116, 0.703994)","(0, 0, 0)","(0, 0, 0)","(245, 200, 0.588649)","(234, 201, 0.624109)","(233, 264, 0.832372)","(225, 331, 0.761705)","(256, 200, 0.590202)","(255, 262, 0.72688)","(251, 324, 0.742018)","(255, 87, 0.812622)","(259, 86, 0.195149)","(241, 89, 0.82496)","(0, 0, 0)","(275, 335, 0.637667)","(274, 332, 0.639401)","(247, 328, 0.62644)","(242, 340, 0.439285)","(235, 341, 0.474909)","(220, 336, 0.657202)"
136,"(258, 91, 0.791186)","(243, 118, 0.784825)","(233, 119, 0.831263)","(234, 160, 0.781359)","(242, 197, 0.723014)","(256, 116, 0.695708)","(0, 0, 0)","(0, 0, 0)","(246, 200, 0.595055)","(234, 201, 0.61668)","(233, 264, 0.83634)","(225, 331, 0.770276)","(257, 201, 0.607864)","(255, 263, 0.742121)","(251, 325, 0.757037)","(254, 88, 0.850784)","(259, 87, 0.279425)","(241, 89, 0.816861)","(0, 0, 0)","(274, 335, 0.670874)","(274, 332, 0.675992)","(247, 329, 0.645576)","(242, 339, 0.447667)","(236, 341, 0.485013)","(220, 336, 0.660862)"
137,"(258, 92, 0.795384)","(244, 118, 0.78626)","(233, 119, 0.814553)","(233, 159, 0.775505)","(241, 198, 0.731122)","(257, 116, 0.729395)","(263, 155, 0.0694061)","(0, 0, 0)","(246, 195, 0.589113)","(234, 196, 0.569409)","(233, 263, 0.809703)","(225, 332, 0.768678)","(257, 195, 0.613195)","(254, 261, 0.699613)","(251, 325, 0.76719)","(254, 88, 0.861315)","(259, 87, 0.240365)","(241, 90, 0.805882)","(0, 0, 0)","(273, 335, 0.682963)","(273, 332, 0.685262)","(247, 329, 0.591604)","(243, 340, 0.386896)","(237, 341, 0.439439)","(219, 339, 0.673141)"
138,"(258, 93, 0.786045)","(244, 118, 0.782071)","(233, 119, 0.816403)","(233, 159, 0.780237)","(238, 196, 0.720985)","(257, 117, 0.728075)","(0, 0, 0)","(0, 0, 0)","(246, 196, 0.603453)","(235, 197, 0.562378)","(233, 263, 0.800788)","(225, 332, 0.769084)","(257, 195, 0.620814)","(254, 262, 0.686791)","(251, 324, 0.759636)","(253, 88, 0.828416)","(260, 88, 0.343634)","(241, 90, 0.794734)","(0, 0, 0)","(273, 335, 0.710377)","(273, 332, 0.708573)","(247, 328, 0.652541)","(243, 340, 0.423033)","(237, 341, 0.466777)","(219, 338, 0.677144)"
139,"(259, 93, 0.771906)","(244, 118, 0.790507)","(233, 120, 0.807095)","(232, 161, 0.761454)","(237, 201, 0.740948)","(257, 117, 0.739887)","(262, 158, 0.0640494)","(0, 0, 0)","(247, 195, 0.611876)","(235, 196, 0.571601)","(233, 263, 0.804486)","(225, 332, 0.774711)","(257, 195, 0.614302)","(254, 263, 0.702236)","(251, 324, 0.764077)","(255, 88, 0.85674)","(260, 88, 0.291427)","(241, 90, 0.783912)","(0, 0, 0)","(273, 334, 0.71837)","(273, 332, 0.704569)","(247, 328, 0.658887)","(242, 340, 0.493716)","(237, 341, 0.532173)","(220, 338, 0.671252)"
140,"(258, 93, 0.805085)","(243, 119, 0.810206)","(233, 119, 0.824396)","(228, 163, 0.770915)","(234, 198, 0.783004)","(257, 118, 0.751614)","(0, 0, 0)","(0, 0, 0)","(248, 196, 0.619349)","(238, 197, 0.549709)","(233, 263, 0.7976)","(225, 332, 0.773118)","(257, 196, 0.62929)","(254, 263, 0.713381)","(251, 324, 0.759535)","(255, 88, 0.880143)","(260, 88, 0.356152)","(241, 89, 0.795616)","(0, 0, 0)","(274, 335, 0.684521)","(274, 332, 0.67491)","(247, 328, 0.662549)","(242, 340, 0.423936)","(237, 341, 0.464108)","(220, 339, 0.656279)"
141,"(258, 94, 0.784034)","(245, 119, 0.807895)","(233, 120, 0.803563)","(226, 163, 0.807887)","(234, 202, 0.834646)","(258, 118, 0.767705)","(264, 157, 0.0807572)","(0, 0, 0)","(248, 195, 0.634427)","(238, 195, 0.572026)","(233, 263, 0.800407)","(225, 332, 0.77082)","(258, 195, 0.605553)","(255, 263, 0.730533)","(252, 324, 0.757314)","(255, 88, 0.859874)","(261, 88, 0.425374)","(241, 89, 0.786906)","(0, 0, 0)","(275, 335, 0.684913)","(275, 332, 0.682832)","(248, 329, 0.658354)","(242, 340, 0.441047)","(237, 341, 0.477691)","(220, 339, 0.633037)"
142,"(258, 94, 0.824652)","(244, 119, 0.80533)","(232, 119, 0.813772)","(226, 161, 0.793755)","(233, 199, 0.802546)","(257, 118, 0.74867)","(264, 157, 0.0568747)","(0, 0, 0)","(248, 196, 0.654383)","(240, 197, 0.592579)","(233, 263, 0.81184)","(225, 332, 0.774149)","(258, 196, 0.612463)","(254, 263, 0.729423)","(252, 325, 0.763447)","(255, 88, 0.864522)","(261, 88, 0.518634)","(241, 89, 0.774008)","(0, 0, 0)","(275, 335, 0.69271)","(275, 332, 0.692338)","(247, 329, 0.660831)","(242, 340, 0.431563)","(238, 341, 0.478729)","(220, 339, 0.641094)"
143,"(258, 95, 0.831499)","(244, 119, 0.804421)","(232, 119, 0.801964)","(226, 163, 0.815868)","(233, 202, 0.832473)","(258, 119, 0.738012)","(263, 158, 0.0713541)","(263, 186, 0.0846086)","(248, 196, 0.651054)","(239, 196, 0.596935)","(233, 264, 0.799126)","(225, 333, 0.773272)","(258, 196, 0.601546)","(254, 264, 0.710615)","(252, 324, 0.757413)","(254, 88, 0.855048)","(260, 89, 0.505221)","(240, 89, 0.776349)","(0, 0, 0)","(275, 335, 0.687736)","(275, 332, 0.682272)","(247, 328, 0.627957)","(243, 341, 0.397235)","(238, 342, 0.449322)","(220, 340, 0.649637)"
144,"(259, 94, 0.796787)","(246, 119, 0.809846)","(232, 120, 0.796437)","(226, 163, 0.808095)","(234, 202, 0.835796)","(260, 118, 0.749708)","(264, 159, 0.121462)","(264, 187, 0.142992)","(249, 196, 0.657464)","(240, 196, 0.62177)","(234, 264, 0.810251)","(226, 333, 0.777667)","(261, 196, 0.590601)","(256, 264, 0.750083)","(254, 325, 0.783525)","(255, 88, 0.882812)","(261, 88, 0.462105)","(241, 89, 0.80026)","(0, 0, 0)","(278, 337, 0.711927)","(277, 332, 0.693876)","(248, 330, 0.639558)","(245, 341, 0.417759)","(240, 342, 0.481608)","(221, 340, 0.658188)"
145,"(260, 94, 0.79334)","(247, 119, 0.835871)","(232, 121, 0.782337)","(226, 164, 0.81596)","(234, 202, 0.834807)","(263, 119, 0.799629)","(264, 158, 0.157726)","(266, 186, 0.129242)","(251, 195, 0.628932)","(241, 195, 0.642253)","(234, 264, 0.800612)","(226, 332, 0.777439)","(263, 195, 0.620561)","(256, 264, 0.737954)","(255, 325, 0.796463)","(255, 88, 0.887845)","(263, 88, 0.613913)","(241, 89, 0.802217)","(0, 0, 0)","(278, 335, 0.72279)","(278, 332, 0.710674)","(248, 329, 0.633132)","(247, 340, 0.466235)","(241, 341, 0.530026)","(222, 339, 0.678103)"
146,"(261, 94, 0.797997)","(247, 119, 0.848183)","(233, 120, 0.798005)","(226, 163, 0.805245)","(234, 201, 0.821561)","(263, 118, 0.790591)","(264, 157, 0.176276)","(266, 183, 0.144955)","(252, 194, 0.628103)","(241, 195, 0.649294)","(234, 264, 0.790833)","(226, 332, 0.751741)","(263, 194, 0.643011)","(256, 263, 0.73487)","(255, 324, 0.786517)","(256, 88, 0.901828)","(263, 88, 0.52233)","(241, 89, 0.805111)","(0, 0, 0)","(279, 334, 0.747147)","(278, 332, 0.725968)","(248, 328, 0.665784)","(248, 340, 0.483104)","(241, 341, 0.545772)","(222, 338, 0.658332)"
147,"(262, 94, 0.797991)","(247, 119, 0.844164)","(233, 119, 0.804152)","(227, 162, 0.788261)","(234, 200, 0.799282)","(263, 118, 0.784136)","(264, 157, 0.115581)","(271, 188, 0.0974837)","(251, 194, 0.630536)","(241, 195, 0.648186)","(234, 263, 0.793929)","(226, 332, 0.748395)","(263, 194, 0.615482)","(257, 263, 0.725362)","(255, 324, 0.774585)","(256, 88, 0.910802)","(263, 88, 0.601985)","(241, 89, 0.807408)","(0, 0, 0)","(279, 334, 0.750084)","(278, 332, 0.713665)","(248, 328, 0.623844)","(248, 340, 0.452704)","(241, 341, 0.516016)","(222, 339, 0.651673)"
148,"(262, 93, 0.804526)","(248, 119, 0.861319)","(233, 119, 0.80441)","(228, 162, 0.760878)","(235, 201, 0.778619)","(264, 118, 0.805287)","(265, 163, 0.278016)","(276, 201, 0.322006)","(252, 195, 0.636092)","(241, 195, 0.661887)","(234, 263, 0.781273)","(227, 332, 0.726136)","(264, 195, 0.642802)","(257, 263, 0.698892)","(256, 325, 0.786926)","(256, 88, 0.903463)","(263, 88, 0.649974)","(241, 89, 0.805858)","(0, 0, 0)","(279, 334, 0.740729)","(278, 332, 0.711289)","(249, 328, 0.6144)","(248, 340, 0.468243)","(241, 341, 0.524129)","(223, 339, 0.627069)"
149,"(263, 94, 0.829376)","(248, 119, 0.877817)","(233, 120, 0.827527)","(231, 161, 0.763576)","(237, 199, 0.72917)","(264, 118, 0.813)","(265, 155, 0.0933547)","(272, 187, 0.0882341)","(254, 195, 0.627981)","(242, 195, 0.639537)","(235, 261, 0.737234)","(228, 332, 0.707673)","(264, 195, 0.629837)","(258, 262, 0.678146)","(256, 323, 0.777829)","(256, 88, 0.903199)","(264, 88, 0.721987)","(241, 89, 0.798185)","(0, 0, 0)","(279, 333, 0.741182)","(279, 332, 0.711504)","(249, 327, 0.623201)","(249, 340, 0.485412)","(242, 341, 0.536595)","(224, 339, 0.619717)"
150,"(263, 91, 0.817741)","(249, 119, 0.861048)","(234, 120, 0.824869)","(232, 161, 0.779823)","(237, 196, 0.808723)","(264, 118, 0.78262)","(270, 160, 0.0837469)","(273, 188, 0.0645256)","(256, 195, 0.690874)","(242, 196, 0.658333)","(237, 263, 0.750766)","(228, 332, 0.712224)","(267, 195, 0.638874)","(258, 263, 0.732963)","(256, 324, 0.806213)","(256, 88, 0.903746)","(264, 88, 0.841831)","(242, 89, 0.819599)","(0, 0, 0)","(279, 334, 0.743646)","(279, 332, 0.726329)","(249, 328, 0.606983)","(249, 340, 0.518556)","(242, 341, 0.57062)","(224, 337, 0.620131)"
151,"(263, 93, 0.830187)","(249, 119, 0.836044)","(234, 120, 0.81843)","(232, 163, 0.805468)","(240, 197, 0.791183)","(265, 119, 0.753764)","(271, 164, 0.216804)","(280, 197, 0.183802)","(256, 194, 0.68617)","(243, 194, 0.626625)","(239, 262, 0.738502)","(229, 332, 0.706964)","(267, 194, 0.63003)","(258, 263, 0.716582)","(256, 324, 0.804397)","(257, 88, 0.917926)","(264, 88, 0.845001)","(242, 89, 0.831658)","(0, 0, 0)","(279, 334, 0.745714)","(279, 332, 0.727731)","(249, 328, 0.618599)","(250, 341, 0.489909)","(242, 342, 0.514905)","(225, 338, 0.653528)"
152,"(264, 93, 0.839823)","(249, 120, 0.815719)","(234, 121, 0.796297)","(233, 164, 0.819996)","(241, 201, 0.838568)","(265, 120, 0.719761)","(272, 165, 0.375682)","(285, 203, 0.335479)","(256, 195, 0.674664)","(244, 195, 0.608792)","(239, 263, 0.779109)","(229, 332, 0.721807)","(268, 195, 0.614541)","(258, 261, 0.698174)","(256, 324, 0.794071)","(257, 88, 0.876334)","(264, 88, 0.767979)","(242, 90, 0.778236)","(0, 0, 0)","(279, 334, 0.738446)","(279, 332, 0.723094)","(249, 327, 0.623773)","(249, 340, 0.502139)","(242, 342, 0.538454)","(225, 339, 0.671245)"
153,"(264, 95, 0.838947)","(251, 121, 0.794455)","(235, 121, 0.788861)","(233, 163, 0.845644)","(242, 200, 0.83009)","(267, 122, 0.716658)","(272, 164, 0.715049)","(286, 200, 0.583807)","(257, 195, 0.683899)","(246, 195, 0.611078)","(241, 264, 0.818461)","(231, 332, 0.730236)","(269, 194, 0.638097)","(260, 264, 0.754322)","(256, 322, 0.780094)","(258, 89, 0.832553)","(265, 89, 0.736891)","(242, 91, 0.7317)","(0, 0, 0)","(280, 333, 0.716409)","(279, 331, 0.685625)","(250, 326, 0.594792)","(252, 341, 0.484968)","(244, 342, 0.508587)","(225, 338, 0.684635)"
154,"(265, 94, 0.829059)","(252, 121, 0.790689)","(236, 121, 0.781255)","(234, 163, 0.855662)","(241, 196, 0.865104)","(269, 123, 0.742891)","(276, 164, 0.749847)","(287, 201, 0.807263)","(257, 195, 0.701138)","(247, 196, 0.624994)","(241, 263, 0.821936)","(232, 331, 0.733023)","(270, 195, 0.67077)","(263, 263, 0.769863)","(257, 323, 0.778997)","(261, 88, 0.864123)","(267, 88, 0.653179)","(244, 90, 0.772733)","(0, 0, 0)","(280, 333, 0.732241)","(280, 331, 0.710263)","(251, 327, 0.605559)","(251, 340, 0.499887)","(244, 341, 0.516942)","(225, 338, 0.689709)"
155,"(265, 95, 0.839829)","(253, 122, 0.788366)","(237, 121, 0.776646)","(234, 163, 0.829139)","(243, 197, 0.794513)","(269, 123, 0.758607)","(277, 164, 0.780144)","(287, 196, 0.867342)","(257, 195, 0.677364)","(247, 196, 0.631357)","(242, 263, 0.797725)","(232, 331, 0.738423)","(270, 195, 0.668079)","(263, 262, 0.768978)","(257, 323, 0.802296)","(261, 89, 0.837326)","(267, 89, 0.674563)","(246, 91, 0.774857)","(0, 0, 0)","(280, 334, 0.747687)","(280, 331, 0.715036)","(251, 327, 0.624521)","(252, 340, 0.487036)","(245, 341, 0.528636)","(225, 338, 0.706138)"
156,"(265, 95, 0.857666)","(254, 122, 0.793933)","(238, 121, 0.771868)","(234, 164, 0.842889)","(243, 198, 0.79864)","(270, 122, 0.770851)","(276, 163, 0.741348)","(287, 195, 0.885109)","(258, 196, 0.662782)","(247, 197, 0.627875)","(245, 263, 0.801439)","(232, 331, 0.742801)","(271, 196, 0.66319)","(264, 263, 0.790553)","(257, 323, 0.80693)","(262, 89, 0.832154)","(267, 89, 0.62783)","(246, 90, 0.791195)","(0, 0, 0)","(280, 334, 0.751085)","(280, 332, 0.731352)","(251, 327, 0.626752)","(252, 340, 0.527989)","(245, 341, 0.56899)","(225, 337, 0.683898)"
157,"(266, 95, 0.833349)","(256, 122, 0.826313)","(240, 122, 0.770896)","(235, 163, 0.819956)","(245, 197, 0.792646)","(272, 121, 0.797786)","(277, 162, 0.730761)","(287, 195, 0.871662)","(260, 194, 0.641441)","(248, 194, 0.648135)","(247, 262, 0.804516)","(233, 330, 0.76964)","(271, 193, 0.671595)","(264, 263, 0.780392)","(257, 323, 0.793456)","(263, 89, 0.84811)","(270, 89, 0.730238)","(247, 91, 0.7803)","(0, 0, 0)","(281, 333, 0.743632)","(281, 331, 0.717164)","(253, 327, 0.621073)","(254, 341, 0.503863)","(247, 341, 0.561297)","(226, 335, 0.69219)"
158,"(266, 95, 0.844132)","(256, 121, 0.842899)","(241, 121, 0.798393)","(237, 162, 0.773811)","(247, 198, 0.793805)","(272, 121, 0.797523)","(279, 162, 0.766049)","(288, 194, 0.829397)","(261, 192, 0.622823)","(248, 192, 0.632293)","(248, 262, 0.807582)","(233, 329, 0.752691)","(272, 192, 0.652336)","(265, 261, 0.760734)","(257, 322, 0.782224)","(263, 89, 0.852402)","(271, 89, 0.777396)","(248, 92, 0.776268)","(0, 0, 0)","(281, 334, 0.732593)","(281, 331, 0.701019)","(253, 326, 0.601969)","(255, 341, 0.458756)","(247, 341, 0.493825)","(227, 335, 0.67144)"
159,"(266, 95, 0.854362)","(257, 121, 0.847739)","(241, 120, 0.798957)","(237, 162, 0.771881)","(247, 198, 0.792305)","(272, 121, 0.78717)","(279, 160, 0.77591)","(287, 192, 0.827792)","(261, 192, 0.627302)","(248, 192, 0.637082)","(248, 260, 0.791173)","(233, 329, 0.739331)","(272, 191, 0.665183)","(264, 262, 0.769485)","(257, 322, 0.776653)","(263, 89, 0.867492)","(271, 89, 0.822727)","(248, 91, 0.777321)","(0, 0, 0)","(281, 333, 0.701222)","(281, 331, 0.67292)","(252, 326, 0.553702)","(254, 340, 0.450254)","(245, 341, 0.48163)","(227, 334, 0.658678)"
160,"(265, 95, 0.859228)","(256, 121, 0.851376)","(241, 120, 0.807558)","(236, 158, 0.790922)","(247, 197, 0.794638)","(272, 122, 0.796394)","(279, 160, 0.777847)","(287, 193, 0.836054)","(258, 192, 0.642728)","(247, 192, 0.610705)","(248, 258, 0.803112)","(233, 329, 0.741083)","(271, 191, 0.665409)","(264, 259, 0.754636)","(257, 323, 0.778167)","(263, 89, 0.857554)","(270, 89, 0.789229)","(248, 91, 0.793639)","(0, 0, 0)","(281, 334, 0.712143)","(281, 331, 0.682343)","(252, 326, 0.583242)","(254, 341, 0.505163)","(247, 341, 0.55041)","(226, 334, 0.661247)"
161,"(268, 95, 0.846741)","(257, 120, 0.869229)","(241, 120, 0.818988)","(239, 160, 0.774429)","(248, 198, 0.803656)","(273, 121, 0.794591)","(279, 159, 0.795906)","(287, 194, 0.858659)","(258, 191, 0.643185)","(247, 191, 0.613094)","(248, 258, 0.81493)","(234, 327, 0.747901)","(271, 191, 0.67254)","(264, 262, 0.761567)","(257, 320, 0.782915)","(263, 89, 0.909194)","(271, 89, 0.827459)","(248, 91, 0.80573)","(0, 0, 0)","(281, 333, 0.739532)","(281, 331, 0.702263)","(253, 326, 0.636915)","(254, 341, 0.504668)","(247, 341, 0.548767)","(227, 333, 0.671063)"
162,"(270, 95, 0.860129)","(257, 119, 0.881701)","(241, 119, 0.829099)","(240, 160, 0.765982)","(247, 197, 0.815003)","(273, 119, 0.813149)","(279, 161, 0.78327)","(287, 194, 0.792192)","(258, 192, 0.661909)","(247, 192, 0.619674)","(248, 257, 0.819067)","(234, 327, 0.755949)","(271, 192, 0.669747)","(264, 262, 0.77119)","(257, 320, 0.783567)","(264, 89, 0.924675)","(272, 88, 0.829507)","(249, 91, 0.789603)","(0, 0, 0)","(281, 333, 0.747557)","(281, 331, 0.705743)","(254, 326, 0.657624)","(255, 340, 0.530725)","(248, 341, 0.571923)","(227, 333, 0.682291)"
163,"(270, 94, 0.838649)","(257, 119, 0.889412)","(241, 119, 0.840762)","(240, 160, 0.787529)","(247, 197, 0.816897)","(273, 119, 0.801908)","(279, 161, 0.801613)","(288, 195, 0.772739)","(257, 189, 0.658222)","(245, 189, 0.602231)","(244, 257, 0.787559)","(233, 328, 0.741286)","(271, 188, 0.65648)","(263, 259, 0.779707)","(257, 320, 0.786932)","(264, 88, 0.933143)","(272, 88, 0.853948)","(249, 90, 0.786898)","(0, 0, 0)","(280, 333, 0.7329)","(280, 330, 0.68389)","(252, 326, 0.61928)","(256, 340, 0.572773)","(248, 341, 0.598148)","(227, 333, 0.672477)"
164,"(268, 95, 0.8404)","(257, 119, 0.888408)","(241, 118, 0.831268)","(238, 157, 0.782469)","(246, 196, 0.806481)","(272, 119, 0.82245)","(279, 158, 0.789697)","(287, 195, 0.788015)","(257, 187, 0.663808)","(244, 188, 0.592579)","(242, 256, 0.810808)","(233, 327, 0.750342)","(270, 187, 0.64107)","(263, 257, 0.795084)","(257, 318, 0.824017)","(264, 89, 0.904809)","(271, 89, 0.737404)","(249, 89, 0.796361)","(0, 0, 0)","(280, 333, 0.74622)","(280, 330, 0.688251)","(252, 325, 0.64345)","(255, 341, 0.544238)","(247, 341, 0.566894)","(226, 333, 0.711738)"
165,"(268, 95, 0.855934)","(257, 119, 0.893026)","(241, 118, 0.837063)","(235, 156, 0.825604)","(245, 194, 0.783705)","(273, 119, 0.817443)","(278, 158, 0.773237)","(287, 195, 0.816625)","(257, 188, 0.658064)","(243, 188, 0.58885)","(241, 256, 0.837712)","(232, 326, 0.743007)","(270, 187, 0.646199)","(263, 257, 0.79315)","(257, 318, 0.825606)","(264, 89, 0.919416)","(271, 89, 0.823455)","(249, 89, 0.800867)","(0, 0, 0)","(280, 333, 0.790987)","(280, 330, 0.730561)","(251, 325, 0.646829)","(254, 341, 0.525973)","(246, 341, 0.532607)","(226, 333, 0.699206)"
166,"(268, 96, 0.855113)","(257, 119, 0.886657)","(241, 118, 0.833629)","(235, 156, 0.833167)","(245, 193, 0.770229)","(272, 120, 0.806191)","(278, 159, 0.764458)","(287, 196, 0.806235)","(256, 188, 0.657359)","(242, 188, 0.600134)","(240, 256, 0.809433)","(229, 326, 0.687056)","(268, 187, 0.63882)","(262, 257, 0.748833)","(257, 319, 0.804312)","(264, 89, 0.868902)","(271, 90, 0.745886)","(249, 89, 0.790671)","(0, 0, 0)","(280, 333, 0.747877)","(280, 331, 0.708044)","(250, 325, 0.616679)","(250, 340, 0.588627)","(242, 341, 0.626222)","(223, 333, 0.634855)"
167,"(265, 97, 0.827548)","(257, 120, 0.876439)","(241, 119, 0.840823)","(235, 157, 0.800969)","(246, 195, 0.797216)","(272, 122, 0.785144)","(278, 161, 0.754678)","(287, 195, 0.799805)","(256, 188, 0.633724)","(242, 189, 0.610637)","(239, 256, 0.786129)","(226, 326, 0.748219)","(268, 188, 0.622515)","(261, 258, 0.754492)","(257, 319, 0.801384)","(263, 93, 0.840424)","(271, 94, 0.784642)","(249, 93, 0.789029)","(273, 95, 0.0501677)","(280, 333, 0.749959)","(280, 331, 0.714766)","(250, 325, 0.644799)","(248, 340, 0.567023)","(241, 341, 0.596183)","(219, 333, 0.665238)"
168,"(269, 97, 0.836346)","(256, 120, 0.872711)","(241, 118, 0.834948)","(235, 157, 0.843396)","(243, 193, 0.789922)","(272, 122, 0.808355)","(278, 161, 0.723153)","(286, 196, 0.731223)","(255, 188, 0.622125)","(242, 189, 0.586175)","(236, 256, 0.773722)","(224, 326, 0.737191)","(266, 189, 0.625774)","(261, 258, 0.723738)","(257, 319, 0.789596)","(264, 92, 0.867953)","(272, 94, 0.793133)","(249, 91, 0.795231)","(0, 0, 0)","(280, 333, 0.744169)","(280, 331, 0.710378)","(249, 326, 0.677289)","(243, 340, 0.570401)","(235, 341, 0.586977)","(218, 332, 0.659385)"
169,"(267, 98, 0.79531)","(256, 120, 0.860144)","(241, 118, 0.829897)","(235, 157, 0.836817)","(243, 194, 0.804939)","(272, 123, 0.795124)","(276, 162, 0.748394)","(286, 198, 0.805157)","(254, 189, 0.615996)","(241, 189, 0.60013)","(235, 256, 0.787357)","(220, 325, 0.764094)","(265, 189, 0.634032)","(262, 257, 0.754283)","(257, 320, 0.7988)","(263, 94, 0.882197)","(271, 94, 0.831164)","(249, 94, 0.827591)","(0, 0, 0)","(280, 333, 0.737509)","(280, 331, 0.700255)","(249, 326, 0.710717)","(241, 339, 0.593164)","(232, 341, 0.586461)","(214, 330, 0.650988)"
170,"(265, 100, 0.806217)","(255, 120, 0.840226)","(240, 119, 0.820765)","(234, 157, 0.874759)","(243, 195, 0.831756)","(271, 124, 0.806882)","(275, 163, 0.748048)","(286, 198, 0.735125)","(251, 190, 0.625486)","(239, 190, 0.598926)","(234, 256, 0.800926)","(218, 325, 0.794014)","(264, 191, 0.666803)","(261, 257, 0.761273)","(257, 320, 0.800287)","(263, 95, 0.89717)","(271, 95, 0.813994)","(249, 94, 0.816733)","(0, 0, 0)","(280, 333, 0.748237)","(280, 331, 0.706815)","(249, 326, 0.730452)","(234, 340, 0.647741)","(226, 341, 0.657657)","(211, 329, 0.694904)"
171,"(264, 99, 0.837487)","(254, 121, 0.812091)","(237, 119, 0.812657)","(234, 157, 0.879663)","(242, 195, 0.840357)","(271, 125, 0.818379)","(273, 164, 0.805427)","(285, 198, 0.707617)","(250, 191, 0.657149)","(238, 191, 0.601404)","(234, 256, 0.835431)","(213, 324, 0.757312)","(264, 192, 0.70639)","(261, 258, 0.748411)","(257, 321, 0.799237)","(261, 94, 0.82657)","(269, 95, 0.773165)","(248, 94, 0.821191)","(272, 97, 0.0984529)","(280, 333, 0.768049)","(280, 331, 0.71658)","(250, 326, 0.735753)","(232, 339, 0.718583)","(224, 340, 0.664991)","(208, 327, 0.691995)"
172,"(264, 98, 0.85399)","(254, 120, 0.824417)","(236, 118, 0.805713)","(233, 156, 0.884755)","(242, 195, 0.86002)","(271, 123, 0.794261)","(272, 163, 0.785007)","(282, 197, 0.732514)","(249, 193, 0.679249)","(236, 192, 0.609563)","(234, 256, 0.82752)","(211, 322, 0.778353)","(264, 193, 0.723948)","(261, 257, 0.759122)","(257, 321, 0.800586)","(260, 94, 0.849564)","(269, 95, 0.80467)","(248, 94, 0.829469)","(273, 97, 0.0822856)","(281, 333, 0.747181)","(280, 330, 0.689349)","(249, 326, 0.765499)","(227, 340, 0.699966)","(220, 340, 0.68437)","(203, 326, 0.749044)"
173,"(263, 98, 0.859201)","(252, 119, 0.823145)","(235, 118, 0.824323)","(233, 156, 0.867294)","(242, 195, 0.86452)","(270, 123, 0.768022)","(272, 163, 0.727305)","(280, 196, 0.698726)","(249, 192, 0.660766)","(235, 192, 0.606749)","(233, 256, 0.814874)","(208, 320, 0.754325)","(263, 192, 0.673163)","(260, 257, 0.754992)","(257, 320, 0.805436)","(258, 94, 0.876453)","(266, 95, 0.842679)","(247, 92, 0.784217)","(272, 96, 0.0887879)","(280, 333, 0.748364)","(280, 329, 0.677673)","(249, 326, 0.776929)","(224, 338, 0.734784)","(217, 337, 0.68856)","(201, 325, 0.747298)"
